a280,Swap,First Fit,34178,6526,1200,4.419
a280,Swap,Best Fit,34051,6416,1199,4.656
a280,Swap,Worst Fit,34252,6444,1203,3.707
a280,Swap,First Fit,34315,6254,1206,4.470
a280,Swap,Best Fit,33063,6183,1239,7.99
a280,Swap,Worst Fit,33499,6667,1293,3.292
a280,Swap,First Fit,33666,6570,1296,3.787
a280,Swap,Best Fit,35342,6629,1162,3.134
a280,Swap,Worst Fit,34468,6813,1189,2.803
a280,Swap,First Fit,35413,6486,1380,4.158
a280,Swap,Best Fit,35312,7269,1301,3.843
a280,Swap,Worst Fit,34230,6677,1252,3.717
a280,Swap,First Fit,34057,5814,1385,5.351
a280,Swap,Best Fit,34009,6579,1115,3.838
a280,Swap,Worst Fit,34558,6891,1142,2.887
a280,Swap,First Fit,34768,6249,1236,4.880
a280,Swap,Best Fit,33107,7425,1182,3.323
a280,Swap,Worst Fit,34907,6300,1288,5.553
a280,Swap,First Fit,33179,6453,1252,4.867
a280,Swap,Best Fit,32145,6234,1191,4.94
a280,Swap,Worst Fit,33246,6660,1268,3.550
a280,Swap,First Fit,34896,6944,1200,3.218
a280,Swap,Best Fit,32600,6497,1289,3.834
a280,Swap,Worst Fit,32282,6918,1290,3.888
a280,Swap,First Fit,34159,7120,1163,3.243
a280,Swap,Best Fit,33873,6628,1270,4.814
a280,Swap,Worst Fit,33517,7204,1147,4.975
a280,Swap,First Fit,35484,6657,1161,55.208
a280,Swap,Best Fit,33145,6449,1233,46.152
a280,Swap,Worst Fit,33531,6248,1343,62.420
a280,Swap,First Fit,35112,6443,1186,46.201
a280,Swap,Best Fit,34360,7024,1215,47.868
a280,Swap,Worst Fit,33410,6324,1289,54.52
a280,Swap,First Fit,34680,7056,1253,3.210
a280,Swap,Best Fit,33141,6016,1210,4.526
a280,Swap,Worst Fit,35489,6679,1238,3.117
a280,Swap,First Fit,34932,6356,1291,4.42
a280,Swap,Best Fit,34421,6681,1194,3.330
a280,Swap,Worst Fit,33688,6785,1185,3.89
a280,Swap,First Fit,32241,6199,1233,3.17
a280,Swap,Best Fit,35475,6527,1328,4.237
a280,Swap,Worst Fit,33008,6393,1194,4.573
a280,Swap,First Fit,33020,6611,1319,5.366
a280,Swap,Best Fit,34430,5962,1279,5.513
a280,Swap,Worst Fit,34104,6495,1227,3.305
a280,Swap,First Fit,35717,6602,1234,4.919
a280,Swap,Best Fit,34197,6501,1232,3.938
a280,Swap,Worst Fit,32876,6575,1211,5.405
a280,Swap,First Fit,34309,6648,1257,2.997
a280,Swap,Best Fit,33460,6660,1177,4.192
a280,Swap,Worst Fit,34049,7051,1159,2.382
a280,Swap,First Fit,33752,6889,1168,2.226
a280,Swap,Best Fit,35016,6708,1158,3.542
a280,Swap,Worst Fit,34420,5967,1248,4.281
a280,Swap,First Fit,32853,6235,1194,2.964
a280,Swap,Best Fit,33147,7154,1122,2.996
a280,Swap,Worst Fit,35152,7110,1184,3.360
a280,Swap,First Fit,34425,5960,1271,4.330
a280,Swap,Best Fit,33208,6239,1198,2.971
a280,Swap,Worst Fit,35114,6844,1191,4.49
a280,Swap,First Fit,32681,5898,1320,4.981
a280,Swap,Best Fit,34086,5999,1346,4.823
a280,Swap,Worst Fit,33576,6918,1289,5.117
a280,Swap,First Fit,35171,6650,1325,3.693
a280,Swap,Best Fit,33129,6269,1197,4.16
a280,Swap,Worst Fit,33341,6490,1210,3.789
a280,Swap,First Fit,33829,7045,1231,3.394
a280,Swap,Best Fit,32947,6218,1235,7.87
a280,Swap,Worst Fit,34738,6825,1228,4.218
a280,Swap,First Fit,33924,6559,1261,3.455
a280,Swap,Best Fit,34196,6335,1278,2.663
a280,Swap,Worst Fit,35376,6661,1295,3.799
a280,Swap,First Fit,35159,6525,1241,4.516
a280,Swap,Best Fit,33700,7152,1171,2.690
a280,Swap,Worst Fit,32416,6376,1274,3.710
a280,Swap,First Fit,33780,6885,1179,3.132
a280,Swap,Best Fit,34424,7081,1188,3.152
a280,Swap,Worst Fit,34950,6571,1185,2.668
a280,Insert,First Fit,33891,3961,1565,5.580
a280,Insert,Best Fit,32543,4417,1597,4.883
a280,Insert,Worst Fit,33287,4251,1511,4.597
a280,Swap,First Fit,35036,7318,1234,3.984
a280,Swap,Best Fit,33199,6525,1118,2.345
a280,Swap,Worst Fit,33423,6077,1296,4.806
a280,Insert,First Fit,33443,4516,1561,5.107
a280,Insert,Best Fit,35888,3924,1593,5.408
a280,Insert,Worst Fit,34046,4222,1510,4.736
a280,Swap,First Fit,31870,6572,1231,4.45
a280,Swap,Best Fit,34718,6545,1172,3.257
a280,Swap,Worst Fit,34027,6279,1255,2.828
a280,Insert,First Fit,35141,35141,0,0.335
a280,Insert,Best Fit,32848,4899,1555,7.486
a280,Insert,Worst Fit,34018,3943,1581,6.47
a280,Swap,First Fit,32662,7027,1185,3.213
a280,Swap,Best Fit,35464,6980,1190,3.363
a280,Swap,Worst Fit,33968,6666,1280,4.140
a280,Insert,First Fit,34600,34600,0,0.334
a280,Insert,Best Fit,35119,4385,1678,5.556
a280,Insert,Worst Fit,33832,4033,1610,5.370
a280,Swap,First Fit,33859,6376,1138,8.653
a280,Swap,Best Fit,33372,5871,1158,8.918
a280,Swap,Worst Fit,35092,6367,1112,8.481
a280,Swap,First Fit,34425,11986,500,3.710
a280,Swap,Best Fit,33755,12439,500,3.685
a280,Swap,Worst Fit,32657,11685,500,3.689
a280,Swap,First Fit,34293,5853,1101,8.218
a280,Swap,Best Fit,34636,6026,1108,8.261
a280,Swap,Worst Fit,34659,6811,1165,8.719
a280,Swap,First Fit,34013,23750,100,0.734
a280,Swap,Best Fit,34738,25624,100,0.753
a280,Swap,Worst Fit,33443,25234,100,0.739
a280,Swap,First Fit,33696,33127,10,0.75
a280,Swap,Best Fit,32101,31136,10,0.75
a280,Swap,Worst Fit,34392,33729,10,0.75
a280,Swap,First Fit,35056,6328,1092,1.639
a280,Swap,Best Fit,33480,6179,1066,1.570
a280,Swap,Worst Fit,34312,7180,1113,1.649
a280,Swap,First Fit,34185,33756,10,0.14
a280,Swap,Best Fit,33471,32005,10,0.14
a280,Swap,Worst Fit,34353,33574,10,0.14
a280,Swap,First Fit,33551,32272,10,0.14
a280,Swap,Best Fit,35341,34104,10,0.15
a280,Swap,Worst Fit,34155,32962,10,0.14
a280,Swap,First Fit,33436,33107,5,0.7
a280,Swap,Best Fit,34526,34225,5,0.7
a280,Swap,Worst Fit,34609,34112,5,0.7
a280,Swap,First Fit,31974,31132,5,0.7
a280,Swap,Best Fit,34866,34571,5,0.7
a280,Swap,Worst Fit,35508,34449,5,0.7
a280,Swap,First Fit,34219,5827,1095,1.623
a280,Swap,Best Fit,35395,5858,1031,1.511
a280,Swap,Worst Fit,33824,6246,1044,1.522
a280,Swap,First Fit,32602,5941,1176,1.786
a280,Swap,Best Fit,34972,6238,1074,1.600
a280,Swap,Worst Fit,36613,6484,1082,1.601
a280,Swap,First Fit,35442,5984,1167,1.731
a280,Swap,Best Fit,34161,5983,1200,1.810
a280,Swap,Worst Fit,34324,7268,1096,1.643
a280,Swap,First Fit,33409,7033,1213,1.844
a280,Swap,Best Fit,35450,6716,1228,1.826
a280,Swap,Worst Fit,33238,6430,1066,1.617
a280,Swap,First Fit,33610,7278,1086,1.685
a280,Swap,Best Fit,34138,6082,1128,1.765
a280,Swap,Worst Fit,33120,6393,1193,1.799
a280,Swap,First Fit,33455,6237,1093,1.654
a280,Swap,Best Fit,34110,6330,1149,1.696
a280,Swap,Worst Fit,33320,5909,1185,1.718
a280,Swap,First Fit,32745,7052,1095,1.664
a280,Swap,Best Fit,33008,6500,1111,1.669
a280,Swap,Worst Fit,34637,6115,1096,1.613
a280,Swap,First Fit,33073,6582,1129,1.744
a280,Swap,Best Fit,34838,6984,1178,1.823
a280,Swap,Worst Fit,34884,5931,1145,1.677
a280,Swap,First Fit,33984,6357,1187,1.813
a280,Swap,Best Fit,34627,6286,1111,1.651
a280,Swap,Worst Fit,34199,6839,1083,1.624
a280,Swap,First Fit,35073,6526,1161,1.771
a280,Swap,Best Fit,32720,6715,1190,1.823
a280,Swap,Worst Fit,33115,6349,1193,1.799
a280,Swap,First Fit,33686,6366,1172,1.810
a280,Swap,Best Fit,31551,6554,1144,1.669
a280,Swap,Worst Fit,34917,6363,1180,1.726
a280,Swap,First Fit,32897,6571,1149,1.746
a280,Swap,Best Fit,33479,6738,984,1.442
a280,Swap,Worst Fit,32884,5910,1141,1.697
a280,Swap,First Fit,33508,6017,1191,1.826
a280,Swap,Best Fit,33811,6262,1088,1.608
a280,Swap,Worst Fit,33935,6220,1164,1.715
a280,Insert,First Fit,34477,34477,0,0.161
a280,Insert,Best Fit,33208,3937,1551,3.389
a280,Insert,Worst Fit,33791,3932,1683,3.35
ali535,Swap,First Fit,12722,3300,965,7.366
ali535,Swap,Best Fit,13340,2848,1115,8.83
ali535,Swap,Worst Fit,12986,2590,1070,5.860
ali535,Swap,First Fit,13450,3038,1059,7.258
ali535,Swap,Best Fit,12734,2742,1087,9.335
ali535,Swap,Worst Fit,13518,2732,1163,8.729
ali535,Swap,First Fit,12900,2438,1136,6.906
ali535,Swap,Best Fit,13670,2638,1159,9.378
ali535,Swap,Worst Fit,13264,3076,1090,5.172
ali535,Swap,First Fit,13464,2938,1171,8.516
ali535,Swap,Best Fit,12690,2808,1084,6.574
ali535,Swap,Worst Fit,13540,2942,1119,8.634
ali535,Swap,First Fit,12768,3096,1078,8.88
ali535,Swap,Best Fit,13456,3306,1141,6.637
ali535,Swap,Worst Fit,12870,2644,1037,10.313
ali535,Swap,First Fit,13310,2916,1078,7.827
ali535,Swap,Best Fit,13718,2218,1188,6.603
ali535,Swap,Worst Fit,13028,2358,1178,11.344
ali535,Swap,First Fit,13944,3122,1083,5.849
ali535,Swap,Best Fit,13642,2818,1129,10.112
ali535,Swap,Worst Fit,13096,2824,1146,6.783
ali535,Swap,First Fit,13064,2714,1054,5.318
ali535,Swap,Best Fit,12814,3056,984,8.176
ali535,Swap,Worst Fit,13064,3244,962,6.163
ali535,Swap,First Fit,13502,2834,1091,6.40
ali535,Swap,Best Fit,13538,2498,1201,7.437
ali535,Swap,Worst Fit,13236,2912,1068,4.769
ali535,Swap,First Fit,12760,2834,1062,11.330
ali535,Swap,Best Fit,12924,2920,1048,8.538
ali535,Swap,Worst Fit,13776,2812,1093,6.934
ali535,Swap,First Fit,13836,3322,1033,9.687
ali535,Swap,Best Fit,13452,3038,1024,6.439
ali535,Swap,Worst Fit,13662,2992,1079,7.189
ali535,Swap,First Fit,13392,2802,1130,6.227
ali535,Swap,Best Fit,13440,2710,1132,8.977
ali535,Swap,Worst Fit,12794,3372,1021,6.663
ali535,Swap,First Fit,13014,2808,1088,8.356
ali535,Swap,Best Fit,13006,2824,1107,4.799
ali535,Swap,Worst Fit,13084,2508,1123,8.189
ali535,Swap,First Fit,13244,3138,1042,6.281
ali535,Swap,Best Fit,13448,3070,1034,6.919
ali535,Swap,Worst Fit,12992,2466,1142,8.249
ali535,Swap,First Fit,12386,2768,1088,7.826
ali535,Swap,Best Fit,13572,2832,1094,6.992
ali535,Swap,Worst Fit,12804,2778,1083,7.141
ali535,Swap,First Fit,13420,2978,1121,5.667
ali535,Swap,Best Fit,13524,2992,1034,5.18
ali535,Swap,Worst Fit,13032,2672,1127,9.789
ali535,Swap,First Fit,13730,2566,1165,11.611
ali535,Swap,Best Fit,13020,2796,1146,5.204
ali535,Swap,Worst Fit,13542,2776,1132,10.851
ali535,Swap,First Fit,14264,2846,964,26.469
ali535,Swap,Best Fit,13752,2518,1035,28.98
ali535,Swap,Worst Fit,13298,2776,966,26.460
ali535,Swap,First Fit,13576,4914,500,13.752
ali535,Swap,Best Fit,13598,5048,500,13.626
ali535,Swap,Worst Fit,13014,4948,500,13.467
ali535,Swap,First Fit,13390,2462,1042,28.60
ali535,Swap,Best Fit,13344,2532,947,25.676
ali535,Swap,Worst Fit,13044,3160,925,25.181
ali535,Swap,First Fit,13458,10414,100,2.709
ali535,Swap,Best Fit,13434,10436,100,2.685
ali535,Swap,Worst Fit,13536,10604,100,2.680
ali535,Swap,First Fit,13524,13412,10,0.273
ali535,Swap,Best Fit,13826,13552,10,0.301
ali535,Swap,Worst Fit,13484,13156,10,0.278
ali535,Swap,First Fit,13524,3182,862,5.133
ali535,Swap,Best Fit,13964,2842,978,5.668
ali535,Swap,Worst Fit,13060,2528,910,5.290
ali535,Swap,First Fit,13830,13480,10,0.62
ali535,Swap,Best Fit,13484,13330,10,0.62
ali535,Swap,Worst Fit,13588,13294,10,0.62
ali535,Swap,First Fit,13126,12872,10,0.61
ali535,Swap,Best Fit,13528,13170,10,0.61
ali535,Swap,Worst Fit,13392,13072,10,0.61
ali535,Swap,First Fit,13364,13236,5,0.33
ali535,Swap,Best Fit,13330,13254,5,0.33
ali535,Swap,Worst Fit,13440,13262,5,0.33
ali535,Swap,First Fit,13802,13588,5,0.35
ali535,Swap,Best Fit,13532,13426,5,0.34
ali535,Swap,Worst Fit,13318,13156,5,0.34
ali535,Swap,First Fit,13474,2808,918,5.444
ali535,Swap,Best Fit,13278,2628,959,6.47
ali535,Swap,Worst Fit,13850,2862,947,5.495
ali535,Swap,First Fit,13644,2462,1018,6.150
ali535,Swap,Best Fit,13254,2738,1033,6.20
ali535,Swap,Worst Fit,13274,2904,993,5.645
ali535,Swap,First Fit,13778,2298,1100,6.329
ali535,Swap,Best Fit,13162,2444,1029,6.355
ali535,Swap,Worst Fit,14066,2938,951,5.814
ali535,Swap,First Fit,13678,2668,1014,5.771
ali535,Swap,Best Fit,13150,3152,931,5.386
ali535,Swap,Worst Fit,13298,2544,1029,5.744
ali535,Swap,First Fit,13318,2946,935,5.616
ali535,Swap,Best Fit,13402,2620,955,5.557
ali535,Swap,Worst Fit,12650,2572,910,5.108
ali535,Swap,First Fit,13044,2692,946,5.546
ali535,Swap,Best Fit,12794,2648,952,5.735
ali535,Swap,Worst Fit,13112,2564,950,5.575
ali535,Swap,First Fit,13558,2608,973,5.517
ali535,Swap,Best Fit,13324,2616,1021,5.926
ali535,Swap,Worst Fit,13178,2568,999,5.744
ali535,Swap,First Fit,13270,2492,1001,5.595
ali535,Swap,Best Fit,13940,2750,1016,5.707
ali535,Swap,Worst Fit,13346,2826,918,5.94
ali535,Swap,First Fit,12578,3092,870,6.114
ali535,Swap,Best Fit,13586,3042,944,6.588
ali535,Swap,Worst Fit,13808,2668,974,6.675
ali535,Swap,First Fit,13290,2808,952,5.629
ali535,Swap,Best Fit,13860,2958,959,5.979
ali535,Swap,Worst Fit,13474,2782,929,5.506
ali535,Swap,First Fit,13756,2896,973,6.364
ali535,Swap,Best Fit,13910,2512,930,6.146
ali535,Swap,Worst Fit,13516,2650,958,6.435
ali535,Swap,First Fit,12636,2968,940,5.703
ali535,Swap,Best Fit,13054,2192,1051,5.879
ali535,Swap,Worst Fit,13420,2640,950,5.642
att48,Swap,First Fit,175547,56203,118,0.108
att48,Swap,Best Fit,165756,50504,115,0.83
att48,Swap,Worst Fit,161776,53048,106,0.103
att48,Swap,First Fit,168150,52348,136,0.152
att48,Swap,Best Fit,140433,46287,116,0.125
att48,Swap,Worst Fit,158662,48278,151,0.125
att48,Swap,First Fit,177317,51428,102,0.104
att48,Swap,Best Fit,172178,54604,110,0.141
att48,Swap,Worst Fit,151819,49001,153,0.128
att48,Swap,First Fit,174493,50813,149,0.107
att48,Swap,Best Fit,172172,42888,130,0.142
att48,Swap,Worst Fit,166710,59060,113,0.102
att48,Swap,First Fit,147846,45807,102,0.88
att48,Swap,Best Fit,164227,50420,139,0.136
att48,Swap,Worst Fit,165691,55899,125,0.124
att48,Swap,First Fit,152988,48841,110,0.113
att48,Swap,Best Fit,150452,57448,126,0.134
att48,Swap,Worst Fit,151846,47795,116,0.95
att48,Swap,First Fit,168540,53487,114,0.83
att48,Swap,Best Fit,159846,55372,113,0.98
att48,Swap,Worst Fit,158145,54476,106,0.90
att48,Swap,First Fit,179723,52322,99,0.94
att48,Swap,Best Fit,158866,45713,142,0.180
att48,Swap,Worst Fit,159229,50361,121,0.144
att48,Swap,First Fit,169999,52456,100,0.107
att48,Swap,Best Fit,159366,43879,129,0.137
att48,Swap,Worst Fit,160923,51307,107,0.109
att48,Swap,First Fit,151213,43179,147,0.169
att48,Swap,Best Fit,154967,51002,105,0.110
att48,Swap,Worst Fit,167297,45466,121,0.117
att48,Swap,First Fit,140298,46840,121,0.116
att48,Swap,Best Fit,127773,57349,123,0.109
att48,Swap,Worst Fit,158265,54530,145,0.141
att48,Swap,First Fit,167932,46880,127,0.116
att48,Swap,Best Fit,167537,55477,130,0.190
att48,Swap,Worst Fit,176204,53392,114,0.127
att48,Swap,First Fit,158110,52599,139,0.172
att48,Swap,Best Fit,189451,48763,138,0.146
att48,Swap,Worst Fit,155908,54101,118,0.117
att48,Swap,First Fit,152073,48306,96,0.107
att48,Swap,Best Fit,143155,59285,87,0.81
att48,Swap,Worst Fit,167463,67514,98,0.89
att48,Swap,First Fit,175596,58970,115,0.113
att48,Swap,Best Fit,175954,56107,126,0.130
att48,Swap,Worst Fit,142772,45260,126,0.143
att48,Swap,First Fit,152436,46607,118,0.109
att48,Swap,Best Fit,165993,48509,128,0.136
att48,Swap,Worst Fit,155784,48412,119,0.125
att48,Swap,First Fit,157462,53770,109,0.94
att48,Swap,Best Fit,146285,50345,124,0.147
att48,Swap,Worst Fit,154044,45245,155,0.186
att48,Swap,First Fit,153357,48854,125,0.123
att48,Swap,Best Fit,150259,43803,104,0.79
att48,Swap,Worst Fit,152459,46849,122,0.162
att48,Swap,First Fit,148956,45922,136,0.166
att48,Swap,Best Fit,134738,41184,126,0.167
att48,Swap,Worst Fit,154023,51751,112,0.112
att48,Swap,First Fit,168329,48696,124,0.154
att48,Swap,Best Fit,147040,50939,129,0.119
att48,Swap,Worst Fit,167136,54321,117,0.133
att48,Swap,First Fit,170049,57346,87,0.72
att48,Swap,Best Fit,153485,45948,123,0.132
att48,Swap,Worst Fit,155520,43713,137,0.182
att48,Swap,First Fit,169166,46574,168,0.188
att48,Swap,Best Fit,156222,43503,154,0.189
att48,Swap,Worst Fit,180647,45060,142,0.160
att48,Swap,First Fit,157779,55136,117,0.112
att48,Swap,Best Fit,160848,52572,98,0.100
att48,Swap,Worst Fit,147754,45029,111,0.134
att48,Swap,First Fit,136855,57357,110,0.123
att48,Swap,Best Fit,160962,48551,137,0.187
att48,Swap,Worst Fit,160230,51258,120,0.147
att48,Swap,First Fit,159571,48907,128,0.136
att48,Swap,Best Fit,154484,54644,128,0.146
att48,Swap,Worst Fit,150754,52639,127,0.113
att48,Swap,First Fit,158503,45825,103,0.109
att48,Swap,Best Fit,131795,56032,101,0.87
att48,Swap,Worst Fit,158083,54191,110,0.133
att48,Insert,First Fit,170390,170390,0,0.18
att48,Insert,Best Fit,151583,43444,125,0.124
att48,Insert,Worst Fit,159180,41759,150,0.135
att48,Swap,First Fit,159327,46231,127,0.119
att48,Swap,Best Fit,155790,49297,126,0.89
att48,Swap,Worst Fit,156183,51652,113,0.154
att48,Insert,First Fit,140710,41149,138,0.158
att48,Insert,Best Fit,171440,44444,132,0.204
att48,Insert,Worst Fit,163482,37680,174,0.210
att48,Swap,First Fit,157680,49242,151,0.193
att48,Swap,Best Fit,146847,42177,121,0.177
att48,Swap,Worst Fit,159816,48512,133,0.125
att48,Insert,First Fit,179374,179374,0,0.18
att48,Insert,Best Fit,169603,42187,189,0.253
att48,Insert,Worst Fit,164385,48553,153,0.226
att48,Swap,First Fit,164399,47957,128,0.157
att48,Swap,Best Fit,151736,64157,79,0.77
att48,Swap,Worst Fit,163494,50571,114,0.97
att48,Insert,First Fit,146136,44611,132,0.133
att48,Insert,Best Fit,151192,43558,157,0.188
att48,Insert,Worst Fit,157653,43626,172,0.171
att48,Swap,First Fit,162056,51147,138,0.31
att48,Swap,Best Fit,157408,46847,135,0.30
att48,Swap,Worst Fit,156035,41127,113,0.25
att48,Swap,First Fit,146370,52471,104,0.23
att48,Swap,Best Fit,137239,50986,125,0.28
att48,Swap,Worst Fit,169542,60846,117,0.26
att48,Swap,First Fit,154634,45527,110,0.25
att48,Swap,Best Fit,154715,48902,108,0.24
att48,Swap,Worst Fit,137523,41187,126,0.28
att48,Swap,First Fit,140151,49641,94,0.21
att48,Swap,Best Fit,149191,58053,100,0.27
att48,Swap,Worst Fit,164177,44009,97,0.21
att48,Swap,First Fit,179652,151338,10,0.2
att48,Swap,Best Fit,155727,131877,10,0.2
att48,Swap,Worst Fit,151599,130594,10,0.2
att48,Swap,First Fit,173281,39322,132,0.6
att48,Swap,Best Fit,149953,47361,119,0.4
att48,Swap,Worst Fit,158367,50757,80,0.3
att48,Swap,First Fit,153726,132345,10,0.0
att48,Swap,Best Fit,171696,139451,10,0.0
att48,Swap,Worst Fit,164583,144271,10,0.0
att48,Swap,First Fit,154786,134025,10,0.0
att48,Swap,Best Fit,168649,145468,10,0.0
att48,Swap,Worst Fit,157808,129341,10,0.0
att48,Swap,First Fit,162890,141461,5,0.0
att48,Swap,Best Fit,166578,159589,5,0.0
att48,Swap,Worst Fit,158041,134868,5,0.0
att48,Swap,First Fit,161920,141000,5,0.0
att48,Swap,Best Fit,157128,147018,5,0.0
att48,Swap,Worst Fit,149886,137965,5,0.0
att48,Swap,First Fit,133396,41181,141,0.5
att48,Swap,Best Fit,131426,44125,112,0.4
att48,Swap,Worst Fit,160569,53485,121,0.4
att48,Swap,First Fit,168999,45846,124,0.5
att48,Swap,Best Fit,160263,51583,112,0.4
att48,Swap,Worst Fit,167321,52945,114,0.4
att48,Swap,First Fit,172375,59124,97,0.3
att48,Swap,Best Fit,143686,48586,98,0.3
att48,Swap,Worst Fit,162297,46000,125,0.4
att48,Swap,First Fit,163532,51107,107,0.4
att48,Swap,Best Fit,154601,49429,110,0.4
att48,Swap,Worst Fit,161912,47891,115,0.4
att48,Swap,First Fit,156607,50397,88,0.3
att48,Swap,Best Fit,160761,52752,91,0.3
att48,Swap,Worst Fit,144524,46291,131,0.5
att48,Swap,First Fit,152682,52534,110,0.4
att48,Swap,Best Fit,122982,43930,104,0.4
att48,Swap,Worst Fit,167333,54712,100,0.3
att48,Swap,First Fit,158871,54688,110,0.4
att48,Swap,Best Fit,142784,56914,104,0.4
att48,Swap,Worst Fit,162374,54462,109,0.4
att48,Swap,First Fit,162962,45922,111,0.4
att48,Swap,Best Fit,151678,42141,96,0.4
att48,Swap,Worst Fit,165451,56905,110,0.4
att48,Swap,First Fit,160247,45842,129,0.5
att48,Swap,Best Fit,140497,50531,107,0.4
att48,Swap,Worst Fit,160157,46440,139,0.5
att48,Swap,First Fit,150367,46030,105,0.4
att48,Swap,Best Fit,162181,59257,104,0.4
att48,Swap,Worst Fit,149765,43125,140,0.5
att48,Swap,First Fit,160062,57622,135,0.6
att48,Swap,Best Fit,157336,58827,121,0.5
att48,Swap,Worst Fit,140162,50704,88,0.3
att48,Swap,First Fit,164479,47766,135,0.6
att48,Swap,Best Fit,154156,54140,133,0.5
att48,Swap,Worst Fit,148102,45207,102,0.4
att48,Swap,First Fit,162987,51253,108,0.4
att48,Swap,Best Fit,153168,51044,110,0.4
att48,Swap,Worst Fit,154865,41738,118,0.4
att48,Insert,First Fit,171193,171193,0,0.18
att48,Insert,Best Fit,155766,50826,156,0.192
att48,Insert,Worst Fit,151016,45903,160,0.197
berlin52,Swap,First Fit,22950,6030,98,0.107
berlin52,Swap,Best Fit,19300,5370,84,0.121
berlin52,Swap,Worst Fit,23180,5690,94,0.99
berlin52,Swap,First Fit,25020,4130,158,0.193
berlin52,Swap,Best Fit,24800,5620,101,0.105
berlin52,Swap,Worst Fit,20060,4410,101,0.145
berlin52,Swap,First Fit,23230,6370,91,0.86
berlin52,Swap,Best Fit,23150,5430,133,0.222
berlin52,Swap,Worst Fit,20250,6210,85,0.107
berlin52,Swap,First Fit,23880,5750,98,0.120
berlin52,Swap,Best Fit,18520,5000,74,0.109
berlin52,Swap,Worst Fit,24820,3720,133,0.202
berlin52,Swap,First Fit,19380,4060,90,0.94
berlin52,Swap,Best Fit,21570,6210,76,0.71
berlin52,Swap,Worst Fit,22940,6700,111,0.134
berlin52,Swap,First Fit,23180,6140,94,0.95
berlin52,Swap,Best Fit,20450,7020,90,0.97
berlin52,Swap,Worst Fit,21990,5760,102,0.114
berlin52,Swap,First Fit,25080,6680,91,0.79
berlin52,Swap,Best Fit,21680,5750,99,0.96
berlin52,Swap,Worst Fit,21640,4410,100,0.164
berlin52,Swap,First Fit,19600,5830,86,0.85
berlin52,Swap,Best Fit,23360,6050,109,0.144
berlin52,Swap,Worst Fit,22880,5830,89,0.80
berlin52,Swap,First Fit,22740,6390,85,0.87
berlin52,Swap,Best Fit,17220,6400,79,0.114
berlin52,Swap,Worst Fit,22050,4900,114,0.150
berlin52,Swap,First Fit,20570,5310,86,0.77
berlin52,Swap,Best Fit,23310,6710,95,0.91
berlin52,Swap,Worst Fit,19760,7180,81,0.80
berlin52,Swap,First Fit,22040,6580,90,0.88
berlin52,Swap,Best Fit,22640,3950,102,0.147
berlin52,Swap,Worst Fit,24170,6900,100,0.85
berlin52,Swap,First Fit,21900,6210,93,0.107
berlin52,Swap,Best Fit,23870,4610,115,0.150
berlin52,Swap,Worst Fit,25660,6710,88,0.92
berlin52,Swap,First Fit,22510,6900,71,0.65
berlin52,Swap,Best Fit,22840,6950,91,0.91
berlin52,Swap,Worst Fit,24920,7850,76,0.82
berlin52,Swap,First Fit,23360,5380,102,0.114
berlin52,Swap,Best Fit,23230,6400,76,0.106
berlin52,Swap,Worst Fit,24080,5240,118,0.104
berlin52,Swap,First Fit,23490,6920,96,0.135
berlin52,Swap,Best Fit,19120,6190,93,0.101
berlin52,Swap,Worst Fit,19950,6630,78,0.90
berlin52,Swap,First Fit,23860,3850,120,0.151
berlin52,Swap,Best Fit,20850,6240,101,0.160
berlin52,Swap,Worst Fit,23870,6610,103,0.129
berlin52,Swap,First Fit,22910,7920,77,0.91
berlin52,Swap,Best Fit,20390,6140,73,0.130
berlin52,Swap,Worst Fit,23050,5000,113,0.153
berlin52,Swap,First Fit,21580,4850,102,0.138
berlin52,Swap,Best Fit,24130,6980,117,0.134
berlin52,Swap,Worst Fit,19650,6120,93,0.163
berlin52,Swap,First Fit,24200,6390,86,0.112
berlin52,Swap,Best Fit,23320,6010,104,0.88
berlin52,Swap,Worst Fit,24200,5500,96,0.156
berlin52,Swap,First Fit,22720,5540,95,0.107
berlin52,Swap,Best Fit,20970,6710,98,0.80
berlin52,Swap,Worst Fit,21140,5560,85,0.91
berlin52,Swap,First Fit,21800,4280,111,0.116
berlin52,Swap,Best Fit,23590,6130,96,0.113
berlin52,Swap,Worst Fit,24790,5320,123,0.112
berlin52,Swap,First Fit,23230,5600,83,0.99
berlin52,Swap,Best Fit,23780,4640,116,0.185
berlin52,Swap,Worst Fit,19200,5450,115,0.117
berlin52,Swap,First Fit,24080,6600,89,0.90
berlin52,Swap,Best Fit,25600,6870,76,0.82
berlin52,Swap,Worst Fit,24510,4050,112,0.106
berlin52,Swap,First Fit,21790,4710,103,0.102
berlin52,Swap,Best Fit,26200,5570,108,0.109
berlin52,Swap,Worst Fit,22870,6640,90,0.125
berlin52,Swap,First Fit,21270,6610,101,0.147
berlin52,Swap,Best Fit,22480,6040,98,0.101
berlin52,Swap,Worst Fit,20930,7010,85,0.92
berlin52,Swap,First Fit,23460,5920,92,0.85
berlin52,Swap,Best Fit,23040,4910,105,0.169
berlin52,Swap,Worst Fit,20490,5460,85,0.79
berlin52,Swap,First Fit,25400,5140,115,0.118
berlin52,Swap,Best Fit,23700,5110,100,0.87
berlin52,Swap,Worst Fit,21310,5040,123,0.152
berlin52,Insert,First Fit,25160,25160,0,0.20
berlin52,Insert,Best Fit,25030,4500,103,0.131
berlin52,Insert,Worst Fit,22650,4740,103,0.219
berlin52,Swap,First Fit,21850,5200,77,0.89
berlin52,Swap,Best Fit,23020,5340,91,0.89
berlin52,Swap,Worst Fit,21800,6870,82,0.75
berlin52,Insert,First Fit,21900,5880,85,0.159
berlin52,Insert,Best Fit,24550,4350,110,0.208
berlin52,Insert,Worst Fit,22550,4130,103,0.168
berlin52,Swap,First Fit,23910,6090,97,0.90
berlin52,Swap,Best Fit,22370,5500,96,0.129
berlin52,Swap,Worst Fit,23120,5960,122,0.264
berlin52,Insert,First Fit,20140,4530,99,0.189
berlin52,Insert,Best Fit,24300,5030,104,0.213
berlin52,Insert,Worst Fit,20480,5380,90,0.133
berlin52,Swap,First Fit,21270,5330,117,0.127
berlin52,Swap,Best Fit,22000,6150,100,0.99
berlin52,Swap,Worst Fit,22840,6250,91,0.125
berlin52,Insert,First Fit,21980,3530,118,0.214
berlin52,Insert,Best Fit,21890,4200,95,0.171
berlin52,Insert,Worst Fit,22860,4100,102,0.189
berlin52,Swap,First Fit,22100,5980,84,0.22
berlin52,Swap,Best Fit,22190,6340,95,0.24
berlin52,Swap,Worst Fit,21440,4460,77,0.20
berlin52,Swap,First Fit,24460,6250,104,0.28
berlin52,Swap,Best Fit,22260,5990,100,0.26
berlin52,Swap,Worst Fit,24930,5670,95,0.25
berlin52,Swap,First Fit,22280,5850,96,0.25
berlin52,Swap,Best Fit,22940,7780,75,0.19
berlin52,Swap,Worst Fit,21700,6380,88,0.23
berlin52,Swap,First Fit,23320,6610,84,0.22
berlin52,Swap,Best Fit,21730,4880,96,0.26
berlin52,Swap,Worst Fit,26050,6950,100,0.26
berlin52,Swap,First Fit,21130,17510,10,0.2
berlin52,Swap,Best Fit,22900,17580,10,0.2
berlin52,Swap,Worst Fit,23420,17050,10,0.2
berlin52,Swap,First Fit,20760,7450,92,0.4
berlin52,Swap,Best Fit,24020,5180,90,0.4
berlin52,Swap,Worst Fit,23450,4960,91,0.4
berlin52,Swap,First Fit,21470,16270,10,0.0
berlin52,Swap,Best Fit,22180,18190,10,0.0
berlin52,Swap,Worst Fit,21130,16430,10,0.0
berlin52,Swap,First Fit,23340,16810,10,0.0
berlin52,Swap,Best Fit,22100,17210,10,0.0
berlin52,Swap,Worst Fit,24430,16430,10,0.0
berlin52,Swap,First Fit,24560,22220,5,0.0
berlin52,Swap,Best Fit,22710,19980,5,0.0
berlin52,Swap,Worst Fit,22550,20390,5,0.0
berlin52,Swap,First Fit,20410,16760,5,0.0
berlin52,Swap,Best Fit,22120,20460,5,0.0
berlin52,Swap,Worst Fit,24420,20280,5,0.0
berlin52,Swap,First Fit,22240,3800,109,0.5
berlin52,Swap,Best Fit,19630,5200,92,0.4
berlin52,Swap,Worst Fit,24000,7030,106,0.5
berlin52,Swap,First Fit,22950,6350,80,0.4
berlin52,Swap,Best Fit,27360,6000,99,0.4
berlin52,Swap,Worst Fit,23220,5540,125,0.5
berlin52,Swap,First Fit,23110,6070,106,0.4
berlin52,Swap,Best Fit,22290,7390,65,0.3
berlin52,Swap,Worst Fit,23650,5900,97,0.4
berlin52,Swap,First Fit,24240,7000,95,0.4
berlin52,Swap,Best Fit,24550,6380,95,0.4
berlin52,Swap,Worst Fit,20230,6120,96,0.4
berlin52,Swap,First Fit,22750,5820,90,0.4
berlin52,Swap,Best Fit,23190,6040,92,0.5
berlin52,Swap,Worst Fit,23040,5610,95,0.4
berlin52,Swap,First Fit,20640,7170,78,0.3
berlin52,Swap,Best Fit,20380,6610,88,0.4
berlin52,Swap,Worst Fit,23450,5260,90,0.4
berlin52,Swap,First Fit,21930,5660,101,0.4
berlin52,Swap,Best Fit,24140,6450,91,0.4
berlin52,Swap,Worst Fit,22890,4800,79,0.3
berlin52,Swap,First Fit,22790,5110,92,0.4
berlin52,Swap,Best Fit,24760,7200,94,0.4
berlin52,Swap,Worst Fit,22710,5250,97,0.4
berlin52,Swap,First Fit,23100,6540,94,0.4
berlin52,Swap,Best Fit,22590,7080,77,0.8
berlin52,Swap,Worst Fit,23720,5080,77,0.4
berlin52,Swap,First Fit,21230,5980,93,0.4
berlin52,Swap,Best Fit,24300,6220,85,0.4
berlin52,Swap,Worst Fit,19740,7100,66,0.3
berlin52,Swap,First Fit,20410,5540,84,0.3
berlin52,Swap,Best Fit,24790,5070,93,0.4
berlin52,Swap,Worst Fit,25790,6260,109,0.5
berlin52,Swap,First Fit,22480,4960,101,0.4
berlin52,Swap,Best Fit,22440,4610,118,0.6
berlin52,Swap,Worst Fit,22320,4690,112,0.6
berlin52,Swap,First Fit,22370,6320,100,0.9
berlin52,Swap,Best Fit,23000,6480,89,0.4
berlin52,Swap,Worst Fit,24120,5130,105,0.5
berlin52,Insert,First Fit,21500,5150,90,0.173
berlin52,Insert,Best Fit,21120,4140,114,0.194
berlin52,Insert,Worst Fit,25820,4310,116,0.198
bier127,Swap,First Fit,618467,199026,494,0.817
bier127,Swap,Best Fit,639527,187567,484,0.737
bier127,Swap,Worst Fit,604842,200028,443,0.661
bier127,Swap,First Fit,643557,181959,465,0.625
bier127,Swap,Best Fit,630104,195401,412,0.641
bier127,Swap,Worst Fit,636138,178530,408,0.623
bier127,Swap,First Fit,653287,184371,469,0.666
bier127,Swap,Best Fit,629099,197336,421,0.519
bier127,Swap,Worst Fit,621207,181815,421,0.558
bier127,Swap,First Fit,626212,203536,391,0.574
bier127,Swap,Best Fit,631160,182995,465,0.778
bier127,Swap,Worst Fit,623756,196511,415,0.578
bier127,Swap,First Fit,645927,182192,400,0.642
bier127,Swap,Best Fit,622145,202424,423,0.643
bier127,Swap,Worst Fit,615713,188965,440,0.600
bier127,Swap,First Fit,621210,193756,467,0.822
bier127,Swap,Best Fit,615723,184546,459,0.752
bier127,Swap,Worst Fit,628825,185176,460,0.945
bier127,Swap,First Fit,611165,176393,484,0.874
bier127,Swap,Best Fit,640149,184942,444,0.794
bier127,Swap,Worst Fit,629284,196944,424,0.601
bier127,Swap,First Fit,608684,195101,427,0.465
bier127,Swap,Best Fit,638353,180856,403,0.631
bier127,Swap,Worst Fit,651051,190461,461,0.792
bier127,Swap,First Fit,627967,187026,458,0.694
bier127,Swap,Best Fit,636092,210680,416,0.545
bier127,Swap,Worst Fit,610052,190610,426,0.893
bier127,Swap,First Fit,638557,187207,423,0.591
bier127,Swap,Best Fit,613154,197434,413,0.621
bier127,Swap,Worst Fit,642053,197010,469,0.674
bier127,Swap,First Fit,635269,188941,437,0.750
bier127,Swap,Best Fit,611928,187058,421,0.616
bier127,Swap,Worst Fit,611166,170651,445,0.654
bier127,Swap,First Fit,612616,182884,477,0.793
bier127,Swap,Best Fit,583406,209941,429,0.762
bier127,Swap,Worst Fit,619278,194138,431,0.552
bier127,Swap,First Fit,635205,182203,483,0.999
bier127,Swap,Best Fit,654943,175286,505,0.888
bier127,Swap,Worst Fit,670517,186336,492,0.892
bier127,Swap,First Fit,641274,184215,443,0.919
bier127,Swap,Best Fit,618457,198626,416,0.641
bier127,Swap,Worst Fit,602544,178099,434,0.768
bier127,Swap,First Fit,624833,203811,402,0.514
bier127,Swap,Best Fit,624275,187508,471,0.888
bier127,Swap,Worst Fit,633385,193940,464,0.700
bier127,Swap,First Fit,612638,185992,470,0.694
bier127,Swap,Best Fit,665738,172008,495,0.682
bier127,Swap,Worst Fit,623495,184651,424,0.590
bier127,Swap,First Fit,603856,204801,374,0.503
bier127,Swap,Best Fit,642275,203492,456,0.654
bier127,Swap,Worst Fit,627567,190048,382,0.547
bier127,Swap,First Fit,627120,168225,512,0.763
bier127,Swap,Best Fit,636259,194208,452,0.602
bier127,Swap,Worst Fit,621221,184119,435,0.601
bier127,Swap,First Fit,655571,199415,441,0.676
bier127,Swap,Best Fit,648126,186930,466,0.733
bier127,Swap,Worst Fit,600007,200220,395,0.607
bier127,Swap,First Fit,612664,201161,406,0.610
bier127,Swap,Best Fit,644330,175690,429,0.650
bier127,Swap,Worst Fit,609212,183427,426,0.653
bier127,Swap,First Fit,647235,452828,100,0.154
bier127,Swap,Best Fit,594160,399662,100,0.146
bier127,Swap,Worst Fit,607634,392815,100,0.142
bier127,Swap,First Fit,599253,185617,441,0.670
bier127,Swap,Best Fit,616036,173812,417,0.631
bier127,Swap,Worst Fit,640273,187990,403,0.616
bier127,Swap,First Fit,648962,606650,10,0.15
bier127,Swap,Best Fit,645258,590720,10,0.15
bier127,Swap,Worst Fit,622616,603023,10,0.15
bier127,Swap,First Fit,612980,172463,404,0.108
bier127,Swap,Best Fit,633200,175090,417,0.113
bier127,Swap,Worst Fit,630034,174975,469,0.153
bier127,Swap,First Fit,636036,602878,10,0.2
bier127,Swap,Best Fit,601047,576604,10,0.2
bier127,Swap,Worst Fit,614565,586331,10,0.2
bier127,Swap,First Fit,630935,600777,10,0.2
bier127,Swap,Best Fit,649718,626306,10,0.2
bier127,Swap,Worst Fit,643684,594520,10,0.2
bier127,Swap,First Fit,666508,657758,5,0.1
bier127,Swap,Best Fit,648533,631198,5,0.2
bier127,Swap,Worst Fit,626048,603226,5,0.1
bier127,Swap,First Fit,623248,603084,5,0.1
bier127,Swap,Best Fit,640324,620194,5,0.2
bier127,Swap,Worst Fit,641785,624693,5,0.2
bier127,Swap,First Fit,635143,178087,476,0.128
bier127,Swap,Best Fit,644545,174774,554,0.146
bier127,Swap,Worst Fit,632415,191737,409,0.114
bier127,Swap,First Fit,611413,196608,443,0.125
bier127,Swap,Best Fit,612494,178345,462,0.126
bier127,Swap,Worst Fit,614253,183921,360,0.117
bier127,Swap,First Fit,626838,190876,393,0.107
bier127,Swap,Best Fit,661442,171439,469,0.134
bier127,Swap,Worst Fit,634584,173423,435,0.143
bier127,Swap,First Fit,618124,200769,374,0.100
bier127,Swap,Best Fit,596196,182015,432,0.114
bier127,Swap,Worst Fit,631555,181861,454,0.153
bier127,Swap,First Fit,621015,185219,412,0.108
bier127,Swap,Best Fit,617162,204981,362,0.100
bier127,Swap,Worst Fit,587961,195235,392,0.103
bier127,Swap,First Fit,650524,189658,485,0.131
bier127,Swap,Best Fit,640500,183614,398,0.107
bier127,Swap,Worst Fit,671785,184592,412,0.117
bier127,Swap,First Fit,642346,197227,434,0.112
bier127,Swap,Best Fit,654969,183618,448,0.118
bier127,Swap,Worst Fit,601408,179949,447,0.136
bier127,Swap,First Fit,627828,177869,475,0.128
bier127,Swap,Best Fit,632376,190573,399,0.104
bier127,Swap,Worst Fit,626426,178297,446,0.116
bier127,Swap,First Fit,591090,186399,429,0.130
bier127,Swap,Best Fit,639915,190548,436,0.116
bier127,Swap,Worst Fit,651799,184457,358,0.120
bier127,Swap,First Fit,591523,191361,360,0.96
bier127,Swap,Best Fit,659957,176814,435,0.117
bier127,Swap,Worst Fit,631044,185723,480,0.146
bier127,Swap,First Fit,626348,158121,522,0.147
bier127,Swap,Best Fit,604872,183809,402,0.106
bier127,Swap,Worst Fit,640935,184781,481,0.147
bier127,Swap,First Fit,614371,190337,411,0.111
bier127,Swap,Best Fit,667032,175323,490,0.133
bier127,Swap,Worst Fit,608477,191397,449,0.146
brd14051,Swap,First Fit,41989426,8762255,64000,2114.857
brd14051,Swap,Best Fit,41803219,8561631,64000,2023.706
brd14051,Swap,Worst Fit,41798560,8558602,64000,2072.683
brd14051,Swap,First Fit,42073364,33941252,4000,15.726
brd14051,Swap,Best Fit,41562870,33903681,4000,15.664
brd14051,Swap,Worst Fit,41951144,33881039,4000,15.356
brd14051,Swap,First Fit,41953720,41912532,10,343.167
brd14051,Swap,Best Fit,41941434,41914176,10,341.933
brd14051,Swap,Worst Fit,41981046,41946548,10,338.172
brd14051,Swap,First Fit,41966861,41924061,10,139.886
brd14051,Swap,Best Fit,41735281,41713743,10,142.822
brd14051,Swap,Worst Fit,41975932,41960472,10,141.244
brd14051,Swap,First Fit,41956676,41922517,10,140.700
brd14051,Swap,Best Fit,42083684,42056008,10,130.53
brd14051,Swap,Worst Fit,41945047,41921252,10,131.241
brd14051,Swap,First Fit,42325228,42314674,5,65.441
brd14051,Swap,Best Fit,41937185,41918915,5,68.825
brd14051,Swap,Worst Fit,41947792,41937793,5,66.770
brd14051,Swap,First Fit,41996261,41981724,5,66.181
brd14051,Swap,Best Fit,41949447,41940701,5,64.966
brd14051,Swap,Worst Fit,41755799,41751474,5,66.363
brd14051,Swap,First Fit,41849990,41844270,4,63.198
brd14051,Swap,Best Fit,41756604,41750460,4,63.748
brd14051,Swap,Worst Fit,41841165,41829338,4,60.309
brd14051,Swap,First Fit,42161608,42160796,4,55.436
brd14051,Swap,Best Fit,42067685,42045378,4,56.420
brd14051,Swap,Worst Fit,42001224,41989639,4,56.144
brd14051,Swap,First Fit,41684045,41672826,4,60.706
brd14051,Swap,Best Fit,42031653,42018766,4,55.42
brd14051,Swap,Worst Fit,41859919,41843983,4,55.832
brd14051,Swap,First Fit,42026216,42013713,5,73.618
brd14051,Swap,Best Fit,42089657,42079599,5,70.175
brd14051,Swap,Worst Fit,42305107,42291206,5,69.890
brd14051,Swap,First Fit,41772422,41756855,5,68.482
brd14051,Swap,Best Fit,42017019,42004044,5,70.13
brd14051,Swap,Worst Fit,41785549,41766970,5,70.811
brd14051,Swap,First Fit,42077353,42056405,5,67.431
brd14051,Swap,Best Fit,42145731,42137795,5,68.219
brd14051,Swap,Worst Fit,42049075,42037577,5,69.841
brd14051,Swap,First Fit,41935855,41894365,20,260.952
brd14051,Swap,Best Fit,42122703,42066241,20,268.39
brd14051,Swap,Worst Fit,42217714,42160578,20,260.870
brd14051,Swap,First Fit,41763536,41757172,4,55.377
brd14051,Swap,Best Fit,42000696,41994316,4,57.861
brd14051,Swap,Worst Fit,41720077,41702540,4,68.743
brd14051,Swap,First Fit,42306496,42234971,20,302.736
brd14051,Swap,Best Fit,41823442,41744522,20,282.946
brd14051,Swap,Worst Fit,41959215,41925605,20,283.964
brd14051,Swap,First Fit,41970420,41910879,20,279.638
brd14051,Swap,Best Fit,42195198,42131024,20,279.634
brd14051,Swap,Worst Fit,41966874,41903588,20,283.818
brd14051,Swap,First Fit,41929308,41912686,5,74.233
brd14051,Swap,Best Fit,42062575,42057874,5,72.231
brd14051,Swap,Worst Fit,42021648,41997680,5,69.162
brd14051,Swap,First Fit,41908865,41868826,20,291.38
brd14051,Swap,Best Fit,41803157,41740823,20,284.6
brd14051,Swap,Worst Fit,41960454,41908141,20,288.674
burma14,Swap,First Fit,44,22,5,0.8
burma14,Swap,Best Fit,56,22,11,0.13
burma14,Swap,Worst Fit,40,22,6,0.15
ch130,Swap,First Fit,30204,5774,333,0.430
ch130,Swap,Best Fit,31398,6256,338,0.363
ch130,Swap,Worst Fit,29546,5662,334,0.371
ch130,Swap,First Fit,27714,5230,377,0.499
ch130,Swap,Best Fit,30830,4544,380,0.507
ch130,Swap,Worst Fit,31928,5928,337,0.418
ch130,Swap,First Fit,31988,5270,400,0.823
ch130,Swap,Best Fit,31308,4734,374,0.812
ch130,Swap,Worst Fit,26300,4296,464,1.103
ch130,Swap,First Fit,32132,4702,358,0.442
ch130,Swap,Best Fit,30818,5822,322,0.355
ch130,Swap,Worst Fit,28526,4544,387,0.538
ch130,Swap,First Fit,29482,5538,350,0.340
ch130,Swap,Best Fit,30618,4946,412,0.671
ch130,Swap,Worst Fit,31034,5656,373,0.472
ch130,Swap,First Fit,31546,6006,393,0.739
ch130,Swap,Best Fit,31528,5248,406,0.716
ch130,Swap,Worst Fit,33286,5484,317,0.498
ch130,Swap,First Fit,28656,4670,360,0.391
ch130,Swap,Best Fit,30138,4568,398,0.767
ch130,Swap,Worst Fit,29644,5160,349,0.505
ch130,Swap,First Fit,28234,5352,367,0.485
ch130,Swap,Best Fit,30320,4998,436,0.755
ch130,Swap,Worst Fit,26602,6248,372,0.643
ch130,Swap,First Fit,29424,5230,393,0.515
ch130,Swap,Best Fit,30672,5630,337,0.489
ch130,Swap,Worst Fit,28436,4932,352,0.474
ch130,Swap,First Fit,29588,4680,399,0.798
ch130,Swap,Best Fit,31088,4086,499,0.974
ch130,Swap,Worst Fit,28650,6466,346,0.540
ch130,Swap,First Fit,29788,5352,386,0.615
ch130,Swap,Best Fit,32280,4882,381,0.766
ch130,Swap,Worst Fit,27678,5222,340,0.487
ch130,Swap,First Fit,27770,5944,385,0.652
ch130,Swap,Best Fit,30532,5028,334,0.455
ch130,Swap,Worst Fit,29980,5510,389,0.544
ch130,Swap,First Fit,30944,4184,396,0.485
ch130,Swap,Best Fit,31218,4736,364,0.551
ch130,Swap,Worst Fit,27360,3800,407,0.557
ch130,Swap,First Fit,29894,5940,358,0.619
ch130,Swap,Best Fit,29092,7292,352,0.497
ch130,Swap,Worst Fit,31112,5360,388,0.479
ch130,Swap,First Fit,27622,7334,358,0.651
ch130,Swap,Best Fit,31308,5816,346,0.458
ch130,Swap,Worst Fit,32264,6344,374,0.396
ch130,Swap,First Fit,29678,4480,446,0.670
ch130,Swap,Best Fit,27382,5280,335,0.441
ch130,Swap,Worst Fit,31586,6212,366,0.443
ch130,Swap,First Fit,30164,4940,384,0.489
ch130,Swap,Best Fit,31340,5036,345,0.418
ch130,Swap,Worst Fit,31992,5200,427,0.607
ch130,Swap,First Fit,31546,5022,404,0.458
ch130,Swap,Best Fit,31094,7192,342,0.367
ch130,Swap,Worst Fit,30216,4560,385,0.554
ch130,Swap,First Fit,29690,5524,338,0.424
ch130,Swap,Best Fit,28808,4652,458,0.508
ch130,Swap,Worst Fit,30298,4132,348,0.470
ch130,Swap,First Fit,29560,5622,352,0.593
ch130,Swap,Best Fit,30678,4974,395,0.656
ch130,Swap,Worst Fit,31676,4028,347,0.399
ch130,Swap,First Fit,29386,5316,357,0.482
ch130,Swap,Best Fit,29886,4758,394,0.489
ch130,Swap,Worst Fit,28180,4844,369,0.610
ch130,Insert,First Fit,30972,30972,0,0.72
ch130,Insert,Best Fit,30882,2344,402,1.104
ch130,Insert,Worst Fit,27626,2638,372,1.137
ch130,Swap,First Fit,31754,5080,397,0.575
ch130,Swap,Best Fit,30224,5214,355,0.517
ch130,Swap,Worst Fit,29314,4652,418,0.723
ch130,Insert,First Fit,31266,31266,0,0.72
ch130,Insert,Best Fit,29212,2884,349,0.882
ch130,Insert,Worst Fit,28702,2716,355,1.296
ch130,Swap,First Fit,27658,3692,365,0.586
ch130,Swap,Best Fit,30180,7004,298,0.546
ch130,Swap,Worst Fit,32780,6396,322,0.473
ch130,Insert,First Fit,29618,2670,353,0.908
ch130,Insert,Best Fit,29004,1994,445,1.828
ch130,Insert,Worst Fit,30824,3364,357,1.28
ch130,Swap,First Fit,32444,4474,410,0.479
ch130,Swap,Best Fit,30522,6082,349,0.560
ch130,Swap,Worst Fit,28946,4630,372,0.556
ch130,Insert,First Fit,30420,30420,0,0.73
ch130,Insert,Best Fit,31628,1858,467,1.723
ch130,Insert,Worst Fit,30350,3860,358,0.956
ch130,Swap,First Fit,27802,6316,291,0.460
ch130,Swap,Best Fit,30734,5398,331,0.523
ch130,Swap,Worst Fit,29148,6398,309,0.494
ch130,Swap,First Fit,27522,6098,338,0.536
ch130,Swap,Best Fit,30618,5374,362,0.583
ch130,Swap,Worst Fit,29572,5966,333,0.538
ch130,Swap,First Fit,30100,13554,100,0.156
ch130,Swap,Best Fit,29508,13078,100,0.156
ch130,Swap,Worst Fit,30154,13988,100,0.155
ch130,Swap,First Fit,33204,5448,344,0.541
ch130,Swap,Best Fit,28738,5136,391,0.623
ch130,Swap,Worst Fit,29650,6940,318,0.511
ch130,Swap,First Fit,29284,26564,10,0.16
ch130,Swap,Best Fit,28006,26036,10,0.15
ch130,Swap,Worst Fit,32882,29898,10,0.14
ch130,Swap,First Fit,30894,5106,330,0.97
ch130,Swap,Best Fit,30070,4764,397,0.111
ch130,Swap,Worst Fit,28586,6386,328,0.101
ch130,Swap,First Fit,32236,28722,10,0.2
ch130,Swap,Best Fit,29142,26572,10,0.2
ch130,Swap,Worst Fit,31506,28796,10,0.2
ch130,Swap,First Fit,29398,25840,10,0.2
ch130,Swap,Best Fit,32772,30648,10,0.2
ch130,Swap,Worst Fit,30100,27192,10,0.2
ch130,Swap,First Fit,30386,29108,5,0.1
ch130,Swap,Best Fit,32218,30848,5,0.1
ch130,Swap,Worst Fit,33664,32456,5,0.1
ch130,Swap,First Fit,29376,27588,5,0.1
ch130,Swap,Best Fit,28938,28092,5,0.1
ch130,Swap,Worst Fit,34206,32020,5,0.1
ch130,Swap,First Fit,30608,4746,310,0.91
ch130,Swap,Best Fit,28752,4694,322,0.93
ch130,Swap,Worst Fit,29692,5198,359,0.106
ch130,Swap,First Fit,28986,3992,391,0.108
ch130,Swap,Best Fit,28684,5444,324,0.90
ch130,Swap,Worst Fit,29314,5830,332,0.91
ch130,Swap,First Fit,28826,4776,359,0.99
ch130,Swap,Best Fit,31634,5310,338,0.95
ch130,Swap,Worst Fit,28342,4728,341,0.95
ch130,Swap,First Fit,31308,5444,395,0.107
ch130,Swap,Best Fit,28036,4386,331,0.92
ch130,Swap,Worst Fit,30114,4342,413,0.116
ch130,Swap,First Fit,28648,4890,348,0.99
ch130,Swap,Best Fit,29706,5448,359,0.99
ch130,Swap,Worst Fit,29540,5708,370,0.102
ch130,Swap,First Fit,31300,6452,289,0.79
ch130,Swap,Best Fit,29202,5124,315,0.87
ch130,Swap,Worst Fit,28140,3924,415,0.117
ch130,Swap,First Fit,30536,5564,334,0.93
ch130,Swap,Best Fit,30164,3846,420,0.116
ch130,Swap,Worst Fit,31356,5032,300,0.83
ch130,Swap,First Fit,31480,6836,329,0.90
ch130,Swap,Best Fit,31390,7648,281,0.76
ch130,Swap,Worst Fit,30038,4962,348,0.95
ch130,Swap,First Fit,30882,5614,391,0.113
ch130,Swap,Best Fit,31140,4454,365,0.104
ch130,Swap,Worst Fit,31252,5434,351,0.100
ch130,Swap,First Fit,31780,5324,328,0.92
ch130,Swap,Best Fit,28994,5176,387,0.112
ch130,Swap,Worst Fit,32116,6068,328,0.90
ch130,Swap,First Fit,31830,4930,365,0.103
ch130,Swap,Best Fit,29222,4624,346,0.112
ch130,Swap,Worst Fit,29102,5022,304,0.85
ch130,Swap,First Fit,31306,5654,353,0.98
ch130,Swap,Best Fit,30288,5918,343,0.95
ch130,Swap,Worst Fit,31696,5040,374,0.104
ch130,Swap,First Fit,29952,5854,329,0.96
ch130,Swap,Best Fit,29260,5584,350,0.100
ch130,Swap,Worst Fit,29172,3970,378,0.109
ch130,Insert,First Fit,29508,3296,371,0.951
ch130,Insert,Best Fit,29190,3592,343,0.844
ch130,Insert,Worst Fit,30552,2504,434,1.148
ch150,Swap,First Fit,35194,7640,408,0.476
ch150,Swap,Best Fit,35608,5570,516,0.838
ch150,Swap,Worst Fit,35928,6712,433,0.644
ch150,Swap,First Fit,35532,5320,559,0.635
ch150,Swap,Best Fit,37766,6596,449,0.718
ch150,Swap,Worst Fit,41124,5948,472,0.718
ch150,Swap,First Fit,36018,6350,428,0.487
ch150,Swap,Best Fit,34774,5738,456,0.686
ch150,Swap,Worst Fit,34320,6226,419,0.572
ch150,Swap,First Fit,36504,5778,444,0.697
ch150,Swap,Best Fit,38726,7622,417,0.677
ch150,Swap,Worst Fit,40108,7666,376,0.464
ch150,Swap,First Fit,36684,6594,402,0.779
ch150,Swap,Best Fit,33372,6556,443,0.582
ch150,Swap,Worst Fit,33844,6252,452,0.621
ch150,Swap,First Fit,35388,6234,390,0.650
ch150,Swap,Best Fit,34282,7566,401,1.40
ch150,Swap,Worst Fit,32848,7034,413,0.775
ch150,Swap,First Fit,37600,6552,430,0.695
ch150,Swap,Best Fit,33392,6908,408,0.571
ch150,Swap,Worst Fit,33996,6708,415,0.705
ch150,Swap,First Fit,35844,6934,447,0.701
ch150,Swap,Best Fit,35498,5384,419,0.546
ch150,Swap,Worst Fit,36756,5368,489,0.606
ch150,Swap,First Fit,34164,7096,444,0.677
ch150,Swap,Best Fit,34938,5272,482,0.703
ch150,Swap,Worst Fit,35686,6352,448,0.643
ch150,Swap,First Fit,34048,6394,433,0.571
ch150,Swap,Best Fit,37040,5326,478,0.503
ch150,Swap,Worst Fit,37652,8022,385,0.576
ch150,Swap,First Fit,36748,5074,481,0.747
ch150,Swap,Best Fit,37506,5820,463,0.763
ch150,Swap,Worst Fit,34686,4818,505,0.801
ch150,Swap,First Fit,34036,5912,394,0.608
ch150,Swap,Best Fit,38434,5474,453,0.784
ch150,Swap,Worst Fit,33986,7094,412,0.561
ch150,Swap,First Fit,35098,6256,395,0.621
ch150,Swap,Best Fit,34058,6810,368,0.531
ch150,Swap,Worst Fit,36138,5142,473,0.789
ch150,Swap,First Fit,36768,7572,351,1.30
ch150,Swap,Best Fit,35606,5654,435,0.600
ch150,Swap,Worst Fit,34692,5878,492,0.591
ch150,Swap,First Fit,35972,5924,451,0.707
ch150,Swap,Best Fit,35756,6220,417,0.574
ch150,Swap,Worst Fit,34860,6004,456,0.654
ch150,Swap,First Fit,33134,5690,425,0.748
ch150,Swap,Best Fit,36402,6234,463,0.977
ch150,Swap,Worst Fit,36990,6346,440,0.824
ch150,Swap,First Fit,35760,6100,470,0.890
ch150,Swap,Best Fit,39738,5706,524,0.750
ch150,Swap,Worst Fit,33896,6090,386,0.504
ch150,Swap,First Fit,34172,6206,403,0.646
ch150,Swap,Best Fit,37182,6696,401,0.551
ch150,Swap,Worst Fit,36070,6252,450,0.720
ch150,Swap,First Fit,37114,5572,509,0.658
ch150,Swap,Best Fit,35304,7136,405,0.585
ch150,Swap,Worst Fit,36232,5242,518,1.27
ch150,Swap,First Fit,33628,5814,407,0.611
ch150,Swap,Best Fit,33594,4936,447,0.646
ch150,Swap,Worst Fit,35720,6032,476,0.524
ch150,Swap,First Fit,36512,5506,436,0.522
ch150,Swap,Best Fit,35984,6252,464,0.839
ch150,Swap,Worst Fit,39122,5388,443,0.640
ch150,Insert,First Fit,33550,2938,471,1.678
ch150,Insert,Best Fit,34962,3336,448,1.863
ch150,Insert,Worst Fit,35284,3442,450,1.541
ch150,Swap,First Fit,37304,5960,430,0.560
ch150,Swap,Best Fit,36388,5290,455,0.497
ch150,Swap,Worst Fit,38398,6368,396,0.646
ch150,Insert,First Fit,37362,4440,375,0.939
ch150,Insert,Best Fit,34470,4280,430,1.234
ch150,Insert,Worst Fit,37626,2958,446,1.256
ch150,Swap,First Fit,34822,6316,434,0.543
ch150,Swap,Best Fit,33992,6604,369,0.696
ch150,Swap,Worst Fit,34370,5572,446,0.601
ch150,Insert,First Fit,39396,39396,0,0.91
ch150,Insert,Best Fit,36744,2780,480,2.44
ch150,Insert,Worst Fit,36884,2754,501,1.699
ch150,Swap,First Fit,37530,5902,445,0.713
ch150,Swap,Best Fit,35204,7664,440,0.648
ch150,Swap,Worst Fit,36140,7826,406,0.839
ch150,Insert,First Fit,35560,3854,401,1.264
ch150,Insert,Best Fit,39550,2932,509,1.436
ch150,Insert,Worst Fit,40984,2688,519,1.714
ch150,Swap,First Fit,34642,6636,393,0.835
ch150,Swap,Best Fit,31520,7730,344,0.736
ch150,Swap,Worst Fit,36700,7618,432,0.925
ch150,Swap,First Fit,32374,5028,399,0.822
ch150,Swap,Best Fit,36578,5964,412,0.870
ch150,Swap,Worst Fit,34890,4316,426,0.892
ch150,Swap,First Fit,35434,15552,100,0.208
ch150,Swap,Best Fit,35038,15886,100,0.206
ch150,Swap,Worst Fit,35448,18168,100,0.207
ch150,Swap,First Fit,34032,6840,426,0.895
ch150,Swap,Best Fit,34462,6192,423,0.908
ch150,Swap,Worst Fit,36158,4826,472,0.991
ch150,Swap,First Fit,36244,32264,10,0.21
ch150,Swap,Best Fit,38950,35030,10,0.21
ch150,Swap,Worst Fit,37940,35056,10,0.21
ch150,Swap,First Fit,39720,7594,369,0.146
ch150,Swap,Best Fit,36556,6676,419,0.163
ch150,Swap,Worst Fit,34978,4722,468,0.174
ch150,Swap,First Fit,36940,33170,10,0.3
ch150,Swap,Best Fit,32312,29282,10,0.4
ch150,Swap,Worst Fit,36974,33620,10,0.5
ch150,Swap,First Fit,32980,31050,10,0.3
ch150,Swap,Best Fit,36946,34730,10,0.4
ch150,Swap,Worst Fit,35886,33406,10,0.6
ch150,Swap,First Fit,36260,33922,5,0.1
ch150,Swap,Best Fit,39632,37536,5,0.1
ch150,Swap,Worst Fit,37136,34686,5,0.1
ch150,Swap,First Fit,34996,33732,5,0.2
ch150,Swap,Best Fit,36930,35992,5,0.1
ch150,Swap,Worst Fit,36158,35160,5,0.1
ch150,Swap,First Fit,34310,5244,397,0.150
ch150,Swap,Best Fit,35878,5772,427,0.163
ch150,Swap,Worst Fit,34672,6160,369,0.153
ch150,Swap,First Fit,34916,5550,442,0.175
ch150,Swap,Best Fit,36372,5830,415,0.159
ch150,Swap,Worst Fit,38042,4264,451,0.175
ch150,Swap,First Fit,36800,5208,460,0.171
ch150,Swap,Best Fit,34984,5014,406,0.154
ch150,Swap,Worst Fit,36662,4840,445,0.165
ch150,Swap,First Fit,37310,5782,473,0.175
ch150,Swap,Best Fit,34278,6064,383,0.139
ch150,Swap,Worst Fit,39062,5654,433,0.158
ch150,Swap,First Fit,36186,6026,370,0.138
ch150,Swap,Best Fit,34146,7158,379,0.141
ch150,Swap,Worst Fit,34456,5370,394,0.145
ch150,Swap,First Fit,38804,6266,375,0.141
ch150,Swap,Best Fit,37420,6394,443,0.164
ch150,Swap,Worst Fit,34926,6802,354,0.131
ch150,Swap,First Fit,36100,6122,381,0.143
ch150,Swap,Best Fit,35404,6464,375,0.138
ch150,Swap,Worst Fit,38320,6672,431,0.155
ch150,Swap,First Fit,31720,6444,367,0.133
ch150,Swap,Best Fit,36138,5290,412,0.151
ch150,Swap,Worst Fit,37576,6268,439,0.163
ch150,Swap,First Fit,36384,6214,360,0.133
ch150,Swap,Best Fit,34490,4578,451,0.168
ch150,Swap,Worst Fit,33954,6994,405,0.155
ch150,Swap,First Fit,32888,5210,420,0.156
ch150,Swap,Best Fit,40792,7900,386,0.147
ch150,Swap,Worst Fit,35402,5002,381,0.140
ch150,Swap,First Fit,34348,4060,521,0.198
ch150,Swap,Best Fit,35330,5204,436,0.159
ch150,Swap,Worst Fit,34928,7788,332,0.123
ch150,Swap,First Fit,34652,6050,393,0.151
ch150,Swap,Best Fit,33428,7468,331,0.129
ch150,Swap,Worst Fit,37564,6662,378,0.144
ch150,Swap,First Fit,39980,5368,361,0.137
ch150,Swap,Best Fit,35492,5528,417,0.154
ch150,Swap,Worst Fit,36672,5528,421,0.155
ch150,Insert,First Fit,37416,4818,394,0.947
ch150,Insert,Best Fit,37512,3868,443,1.218
ch150,Insert,Worst Fit,35954,3416,436,1.94
