a280,Swap,First Fit,34357,5856,1348,0.450
a280,Swap,Best Fit,34357,7589,345,4.639
a280,Swap,Worst Fit,34357,5002,27794,753.575
a280,Insert,First Fit,34357,34357,0,0.58
a280,Insert,Best Fit,34357,34357,0,0.57
a280,Insert,Worst Fit,34357,34357,0,0.58
a280,Reverse,First Fit,34357,34357,0,0.42
a280,Reverse,Best Fit,34357,34357,0,0.42
a280,Reverse,Worst Fit,34357,34357,0,0.43
a280,Insert,First Fit,34309,3977,1212,0.119
a280,Insert,Best Fit,34309,4309,478,6.183
a280,Insert,Worst Fit,34309,3455,30014,758.88
a280,Swap,First Fit,34309,34309,0,0.64
a280,Swap,Best Fit,34309,34309,0,0.62
a280,Swap,Worst Fit,34309,34309,0,0.61
a280,Reverse,First Fit,34309,34309,0,0.43
a280,Reverse,Best Fit,34309,34309,0,0.41
a280,Reverse,Worst Fit,34309,34309,0,0.43
a280,Reverse,First Fit,34038,2916,1159,0.84
a280,Reverse,Best Fit,34038,2910,306,5.530
a280,Reverse,Worst Fit,34038,3008,29641,575.893
a280,Insert,First Fit,34038,34038,0,0.58
a280,Insert,Best Fit,34038,34038,0,0.59
a280,Insert,Worst Fit,34038,34038,0,0.66
a280,Swap,First Fit,34038,34038,0,0.70
a280,Swap,Best Fit,34038,34038,0,0.68
a280,Swap,Worst Fit,34038,34038,0,0.69
a280,Swap,First Fit,32855,6551,1323,0.499
a280,Swap,Best Fit,32855,7043,381,5.36
a280,Swap,Worst Fit,32855,4774,26621,681.259
a280,Insert,First Fit,32855,3694,1165,0.133
a280,Insert,Best Fit,32855,3961,248,2.473
a280,Insert,Worst Fit,32855,3506,28613,687.158
a280,Reverse,First Fit,32855,2873,1089,0.55
a280,Reverse,Best Fit,32855,2758,63,0.602
a280,Reverse,Worst Fit,32855,3013,28494,537.534
a280,Swap,First Fit,33418,6139,1268,0.399
a280,Swap,Best Fit,33418,7185,407,5.231
a280,Swap,Worst Fit,33418,4891,26935,668.360
a280,Insert,First Fit,33418,3933,1256,0.140
a280,Insert,Best Fit,33418,4381,214,1.903
a280,Insert,Worst Fit,33418,3417,29202,670.652
a280,Reverse,First Fit,33418,3036,1151,0.56
a280,Reverse,Best Fit,33418,2754,90,0.721
a280,Reverse,Worst Fit,33418,2977,28981,525.149
a280,Swap,First Fit,34198,6906,1242,0.548
a280,Swap,Best Fit,34198,7549,350,4.694
a280,Swap,Worst Fit,34198,4755,27921,712.691
a280,Insert,First Fit,34198,4083,1248,0.114
a280,Insert,Best Fit,34198,4455,248,2.224
a280,Insert,Worst Fit,34198,3399,29985,709.176
a280,Reverse,First Fit,34198,3037,1089,0.49
a280,Reverse,Best Fit,34198,2842,75,0.603
a280,Reverse,Worst Fit,34198,3025,29764,548.260
a280,Swap,First Fit,34832,6814,1283,0.418
a280,Swap,Best Fit,34832,6454,402,5.147
a280,Swap,Worst Fit,34832,5136,28107,735.983
a280,Insert,First Fit,34832,3799,1212,0.118
a280,Insert,Best Fit,34832,4285,178,1.590
a280,Insert,Worst Fit,34832,3379,30609,736.700
a280,Reverse,First Fit,34832,3140,1135,0.58
a280,Reverse,Best Fit,34832,2767,79,0.642
a280,Reverse,Worst Fit,34832,3103,30346,567.158
a280,Swap,First Fit,34105,5905,1334,0.527
a280,Swap,Best Fit,34105,7985,383,4.975
a280,Swap,Worst Fit,34105,4853,27673,704.231
a280,Insert,First Fit,34105,4019,1208,0.122
a280,Insert,Best Fit,34105,4474,258,2.298
a280,Insert,Worst Fit,34105,3544,29891,705.174
a280,Reverse,First Fit,34105,2965,1081,0.48
a280,Reverse,Best Fit,34105,2801,69,0.560
a280,Reverse,Worst Fit,34105,3039,29663,546.52
a280,Swap,First Fit,33606,5965,1226,0.472
a280,Swap,Best Fit,33606,7149,402,5.127
a280,Swap,Worst Fit,33606,4975,27099,676.941
a280,Insert,First Fit,33606,3929,1169,0.139
a280,Insert,Best Fit,33606,3741,274,2.436
a280,Insert,Worst Fit,33606,3396,29380,681.972
a280,Reverse,First Fit,33606,3008,1096,0.47
a280,Reverse,Best Fit,33606,2730,56,0.465
a280,Reverse,Worst Fit,33606,2974,29147,528.9
a280,Swap,First Fit,32345,6659,1307,0.442
a280,Swap,Best Fit,32345,7036,395,5.160
a280,Swap,Worst Fit,32345,5155,25727,794.266
a280,Insert,First Fit,32345,3754,1222,0.147
a280,Insert,Best Fit,32345,4013,235,3.196
a280,Insert,Worst Fit,32345,3447,28139,761.355
a280,Reverse,First Fit,32345,2892,1079,0.56
a280,Reverse,Best Fit,32345,2773,61,0.548
a280,Reverse,Worst Fit,32345,3018,27855,525.618
a280,Swap,First Fit,34161,6234,1243,0.449
a280,Swap,Best Fit,34161,6696,436,6.548
a280,Swap,Worst Fit,34161,5083,27491,837.100
a280,Insert,First Fit,34161,4219,1223,0.167
a280,Insert,Best Fit,34161,4256,233,2.288
a280,Insert,Worst Fit,34161,3318,29911,815.606
a280,Reverse,First Fit,34161,3027,1150,0.70
a280,Reverse,Best Fit,34161,3020,66,0.707
a280,Reverse,Worst Fit,34161,2943,29737,603.136
a280,Swap,First Fit,32588,6121,1324,0.507
a280,Swap,Best Fit,32588,6961,397,5.366
a280,Swap,Worst Fit,32588,4665,26237,680.759
a280,Insert,First Fit,32588,3960,1282,0.147
a280,Insert,Best Fit,32588,4359,255,2.510
a280,Insert,Worst Fit,32588,3451,28309,705.826
a280,Reverse,First Fit,32588,2881,1139,0.58
a280,Reverse,Best Fit,32588,2865,70,0.603
a280,Reverse,Worst Fit,32588,2930,28216,553.521
a280,Swap,First Fit,32444,6831,1342,0.639
a280,Swap,Best Fit,32444,7688,357,4.712
a280,Swap,Worst Fit,32444,5135,25825,637.585
a280,Insert,First Fit,32444,3984,1324,0.153
a280,Insert,Best Fit,32444,4423,240,2.132
a280,Insert,Worst Fit,32444,3603,28050,626.68
a280,Reverse,First Fit,32444,2980,1115,0.49
a280,Reverse,Best Fit,32444,2805,70,0.572
a280,Reverse,Worst Fit,32444,3107,27952,491.882
a280,Swap,First Fit,33278,5907,1386,0.509
a280,Swap,Best Fit,33278,7533,423,5.228
a280,Swap,Worst Fit,33278,4720,26814,649.466
a280,Insert,First Fit,33278,4069,1282,0.124
a280,Insert,Best Fit,33278,4696,248,2.168
a280,Insert,Worst Fit,33278,3469,28928,650.906
a280,Reverse,First Fit,33278,3013,1041,0.45
a280,Reverse,Best Fit,33278,2750,94,0.754
a280,Reverse,Worst Fit,33278,3070,28848,518.105
a280,Swap,First Fit,33290,6806,1288,0.399
a280,Swap,Best Fit,33290,7842,360,4.546
a280,Swap,Worst Fit,33290,5003,26767,650.56
a280,Insert,First Fit,33290,4383,1192,0.137
a280,Insert,Best Fit,33290,4097,275,2.395
a280,Insert,Worst Fit,33290,3419,29026,650.598
a280,Reverse,First Fit,33290,2959,1081,0.48
a280,Reverse,Best Fit,33290,2743,64,0.525
a280,Reverse,Worst Fit,33290,2950,28893,517.858
a280,Swap,First Fit,33594,5972,1419,0.523
a280,Swap,Best Fit,33594,7770,365,4.609
a280,Swap,Worst Fit,33594,4786,27074,666.57
a280,Insert,First Fit,33594,3862,1295,0.111
a280,Insert,Best Fit,33594,4101,296,2.577
a280,Insert,Worst Fit,33594,3670,29234,663.645
a280,Reverse,First Fit,33594,3085,1073,0.44
a280,Reverse,Best Fit,33594,2833,70,0.568
a280,Reverse,Worst Fit,33594,3020,29122,532.583
a280,Swap,First Fit,33444,6321,1436,0.502
a280,Swap,Best Fit,33444,7326,393,5.16
a280,Swap,Worst Fit,33444,5058,26949,671.403
a280,Insert,First Fit,33444,3811,1261,0.185
a280,Insert,Best Fit,33444,4176,263,2.334
a280,Insert,Worst Fit,33444,3203,29257,673.21
a280,Reverse,First Fit,33444,3009,1055,0.55
a280,Reverse,Best Fit,33444,2636,83,0.673
a280,Reverse,Worst Fit,33444,3013,28995,524.67
a280,Swap,First Fit,33757,6355,1323,0.497
a280,Swap,Best Fit,33757,6482,450,5.575
a280,Swap,Worst Fit,33757,5432,26960,682.500
a280,Insert,First Fit,33757,4266,1277,0.156
a280,Insert,Best Fit,33757,4359,245,2.197
a280,Insert,Worst Fit,33757,3425,29518,692.113
a280,Reverse,First Fit,33757,2787,1125,0.59
a280,Reverse,Best Fit,33757,2867,74,0.618
a280,Reverse,Worst Fit,33757,2932,29353,535.840
a280,Swap,First Fit,35383,6040,1555,0.592
a280,Swap,Best Fit,35383,6740,401,5.337
a280,Swap,Worst Fit,35383,5413,28538,770.622
a280,Insert,First Fit,35383,3782,1311,0.171
a280,Insert,Best Fit,35383,3875,235,2.108
a280,Insert,Worst Fit,35383,3481,31138,771.402
a280,Reverse,First Fit,35383,2999,1142,0.53
a280,Reverse,Best Fit,35383,2815,55,0.455
a280,Reverse,Worst Fit,35383,3117,30900,590.268
a280,Swap,First Fit,35954,5596,1460,0.507
a280,Swap,Best Fit,35954,7172,367,4.881
a280,Swap,Worst Fit,35954,5281,29258,806.14
a280,Insert,First Fit,35954,4133,1221,0.146
a280,Insert,Best Fit,35954,4107,244,2.172
a280,Insert,Worst Fit,35954,3771,31514,803.139
a280,Reverse,First Fit,35954,2959,1127,0.53
a280,Reverse,Best Fit,35954,2845,77,0.647
a280,Reverse,Worst Fit,35954,2919,31557,609.188
a280,Swap,First Fit,34518,6169,1298,0.413
a280,Swap,Best Fit,34518,7090,387,5.104
a280,Swap,Worst Fit,34518,5062,27912,729.475
a280,Insert,First Fit,34518,3739,1276,0.114
a280,Insert,Best Fit,34518,4276,225,2.12
a280,Insert,Worst Fit,34518,3318,30324,730.227
a280,Reverse,First Fit,34518,2861,1173,0.59
a280,Reverse,Best Fit,34518,2850,76,0.623
a280,Reverse,Worst Fit,34518,3029,30076,599.482
a280,Swap,First Fit,33046,6815,1273,0.444
a280,Swap,Best Fit,33046,6755,462,5.856
a280,Swap,Worst Fit,33046,5131,26369,654.798
a280,Insert,First Fit,33046,4262,1221,0.154
a280,Insert,Best Fit,33046,3867,264,2.354
a280,Insert,Worst Fit,33046,3640,28738,669.382
a280,Reverse,First Fit,33046,3108,1093,0.56
a280,Reverse,Best Fit,33046,2805,54,0.465
a280,Reverse,Worst Fit,33046,3012,28460,516.73
a280,Swap,First Fit,35006,5931,1361,0.552
a280,Swap,Best Fit,35006,7184,385,5.3
a280,Swap,Worst Fit,35006,4780,28541,739.255
a280,Insert,First Fit,35006,4011,1177,0.118
a280,Insert,Best Fit,35006,4195,214,1.887
a280,Insert,Worst Fit,35006,3390,30737,736.561
a280,Reverse,First Fit,35006,2955,1088,0.46
a280,Reverse,Best Fit,35006,2772,75,0.609
a280,Reverse,Worst Fit,35006,2934,30570,578.237
a280,Swap,First Fit,33892,6085,1271,0.419
a280,Swap,Best Fit,33892,7569,386,4.879
a280,Swap,Worst Fit,33892,5795,26962,679.572
a280,Insert,First Fit,33892,3617,1269,0.136
a280,Insert,Best Fit,33892,4283,278,2.424
a280,Insert,Worst Fit,33892,3325,29696,681.849
a280,Reverse,First Fit,33892,3001,1106,0.57
a280,Reverse,Best Fit,33892,2730,88,0.709
a280,Reverse,Worst Fit,33892,3115,29357,539.506
a280,Swap,First Fit,32848,6391,1314,0.487
a280,Swap,Best Fit,32848,7252,382,4.807
a280,Swap,Worst Fit,32848,5086,26298,667.473
a280,Insert,First Fit,32848,3832,1300,0.120
a280,Insert,Best Fit,32848,4307,265,2.299
a280,Insert,Worst Fit,32848,3346,28742,634.569
a280,Reverse,First Fit,32848,3077,1042,0.47
a280,Reverse,Best Fit,32848,2897,65,0.531
a280,Reverse,Worst Fit,32848,3082,28443,504.982
a280,Swap,First Fit,33732,6053,1373,0.436
a280,Swap,Best Fit,33732,7030,482,5.826
a280,Swap,Worst Fit,33732,4755,27289,676.231
a280,Insert,First Fit,33732,4130,1222,0.117
a280,Insert,Best Fit,33732,4017,249,2.173
a280,Insert,Worst Fit,33732,3453,29460,673.336
a280,Reverse,First Fit,33732,2869,1101,0.43
a280,Reverse,Best Fit,33732,2836,69,0.565
a280,Reverse,Worst Fit,33732,3057,29169,536.454
a280,Swap,First Fit,34380,6186,1222,0.420
a280,Swap,Best Fit,34380,7441,417,5.237
a280,Swap,Worst Fit,34380,4940,27866,703.743
a280,Insert,First Fit,34380,3647,1318,0.152
a280,Insert,Best Fit,34380,4503,230,2.16
a280,Insert,Worst Fit,34380,3414,30196,704.347
a280,Reverse,First Fit,34380,3032,1121,0.44
a280,Reverse,Best Fit,34380,2832,85,0.686
a280,Reverse,Worst Fit,34380,2953,29962,554.955
a280,Swap,First Fit,33619,6489,1308,0.461
a280,Swap,Best Fit,33619,7393,399,4.885
a280,Swap,Worst Fit,33619,5137,27068,672.871
a280,Insert,First Fit,33619,3744,1272,0.131
a280,Insert,Best Fit,33619,4274,260,2.271
a280,Insert,Worst Fit,33619,3613,29301,706.264
a280,Reverse,First Fit,33619,3019,1039,0.48
a280,Reverse,Best Fit,33619,2710,71,0.577
a280,Reverse,Worst Fit,33619,3063,29193,554.925
a280,Swap,First Fit,34240,6032,1312,0.520
a280,Swap,Best Fit,34240,7302,424,5.285
a280,Swap,Worst Fit,34240,4929,27700,693.286
a280,Insert,First Fit,34240,4274,1186,0.98
a280,Insert,Best Fit,34240,4426,252,2.205
a280,Insert,Worst Fit,34240,3328,30011,725.70
a280,Reverse,First Fit,34240,2995,1115,0.52
a280,Reverse,Best Fit,34240,2778,90,0.776
a280,Reverse,Worst Fit,34240,2904,29774,579.137
ali535,Swap,First Fit,13392,2584,1112,0.395
ali535,Swap,Best Fit,13392,2984,295,24.778
ali535,Swap,Worst Fit,13392,2204,5590,746.479
ali535,Insert,First Fit,13392,13392,0,0.312
ali535,Insert,Best Fit,13392,13392,0,0.395
ali535,Insert,Worst Fit,13392,13392,0,0.306
ali535,Reverse,First Fit,13392,13392,0,0.177
ali535,Reverse,Best Fit,13392,13392,0,0.194
ali535,Reverse,Worst Fit,13392,13392,0,0.178
ali535,Insert,First Fit,13150,1624,1013,0.218
ali535,Insert,Best Fit,13150,1924,482,43.33
ali535,Insert,Worst Fit,13150,1704,5719,694.528
ali535,Swap,First Fit,13150,13150,0,0.306
ali535,Swap,Best Fit,13150,13150,0,0.328
ali535,Swap,Worst Fit,13150,13150,0,0.312
ali535,Reverse,First Fit,13150,13150,0,0.183
ali535,Reverse,Best Fit,13150,13150,0,0.179
ali535,Reverse,Worst Fit,13150,13150,0,0.179
ali535,Reverse,First Fit,13410,208,1295,0.171
ali535,Reverse,Best Fit,13410,208,402,23.235
ali535,Reverse,Worst Fit,13410,208,6449,451.210
ali535,Insert,First Fit,13410,13410,0,0.298
ali535,Insert,Best Fit,13410,13410,0,0.298
ali535,Insert,Worst Fit,13410,13410,0,0.296
ali535,Swap,First Fit,13410,13410,0,0.310
ali535,Swap,Best Fit,13410,13410,0,0.342
ali535,Swap,Worst Fit,13410,13410,0,0.321
ali535,Swap,First Fit,13340,2590,1063,0.385
ali535,Swap,Best Fit,13340,2940,320,25.197
ali535,Swap,Worst Fit,13340,2068,5626,688.77
ali535,Insert,First Fit,13340,1928,901,0.134
ali535,Insert,Best Fit,13340,2892,13,0.808
ali535,Insert,Worst Fit,13340,1558,5890,680.186
ali535,Reverse,First Fit,13340,208,1326,0.124
ali535,Reverse,Best Fit,13340,210,214,7.603
ali535,Reverse,Worst Fit,13340,208,6416,444.769
ali535,Swap,First Fit,12654,2466,1088,0.407
ali535,Swap,Best Fit,12654,2662,331,24.721
ali535,Swap,Worst Fit,12654,2092,5274,625.570
ali535,Insert,First Fit,12654,1916,888,0.129
ali535,Insert,Best Fit,12654,2648,6,0.510
ali535,Insert,Worst Fit,12654,1722,5463,625.291
ali535,Reverse,First Fit,12654,208,1332,0.123
ali535,Reverse,Best Fit,12654,208,198,6.925
ali535,Reverse,Worst Fit,12654,208,6083,409.43
ali535,Swap,First Fit,12932,2944,925,0.326
ali535,Swap,Best Fit,12932,2746,283,22.658
ali535,Swap,Worst Fit,12932,2198,5359,652.949
ali535,Insert,First Fit,12932,1814,949,0.165
ali535,Insert,Best Fit,12932,2594,13,0.734
ali535,Insert,Worst Fit,12932,1566,5679,631.229
ali535,Reverse,First Fit,12932,208,1319,0.151
ali535,Reverse,Best Fit,12932,208,212,7.441
ali535,Reverse,Worst Fit,12932,208,6207,414.125
ali535,Swap,First Fit,13164,2576,1117,0.382
ali535,Swap,Best Fit,13164,2966,275,22.825
ali535,Swap,Worst Fit,13164,2116,5517,677.225
ali535,Insert,First Fit,13164,1918,972,0.126
ali535,Insert,Best Fit,13164,2640,22,1.128
ali535,Insert,Worst Fit,13164,1582,5790,677.15
ali535,Reverse,First Fit,13164,208,1305,0.138
ali535,Reverse,Best Fit,13164,208,208,7.335
ali535,Reverse,Worst Fit,13164,208,6332,431.641
ali535,Swap,First Fit,12654,2646,1031,0.409
ali535,Swap,Best Fit,12654,2898,302,24.4
ali535,Swap,Worst Fit,12654,2100,5270,600.365
ali535,Insert,First Fit,12654,1998,936,0.123
ali535,Insert,Best Fit,12654,2548,30,1.413
ali535,Insert,Worst Fit,12654,1740,5452,608.57
ali535,Reverse,First Fit,12654,208,1311,0.135
ali535,Reverse,Best Fit,12654,208,208,7.420
ali535,Reverse,Worst Fit,12654,208,6065,408.239
ali535,Swap,First Fit,13424,2720,1059,0.643
ali535,Swap,Best Fit,13424,2940,301,27.782
ali535,Swap,Worst Fit,13424,1920,5749,764.62
ali535,Insert,First Fit,13424,1846,981,0.115
ali535,Insert,Best Fit,13424,2670,22,1.172
ali535,Insert,Worst Fit,13424,1732,5842,738.965
ali535,Reverse,First Fit,13424,208,1345,0.121
ali535,Reverse,Best Fit,13424,208,210,7.947
ali535,Reverse,Worst Fit,13424,208,6445,500.825
ali535,Swap,First Fit,14126,2370,1133,0.531
ali535,Swap,Best Fit,14126,2982,277,25.725
ali535,Swap,Worst Fit,14126,1894,6105,827.266
ali535,Insert,First Fit,14126,2206,926,0.126
ali535,Insert,Best Fit,14126,2964,7,0.601
ali535,Insert,Worst Fit,14126,1818,6151,905.282
ali535,Reverse,First Fit,14126,208,1311,0.140
ali535,Reverse,Best Fit,14126,208,217,8.697
ali535,Reverse,Worst Fit,14126,214,6802,560.114
ali535,Swap,First Fit,13438,2160,1123,0.436
ali535,Swap,Best Fit,13438,2698,297,27.381
ali535,Swap,Worst Fit,13438,1684,5873,753.516
ali535,Insert,First Fit,13438,2130,888,0.163
ali535,Insert,Best Fit,13438,2664,11,0.841
ali535,Insert,Worst Fit,13438,2036,5700,715.796
ali535,Reverse,First Fit,13438,208,1352,0.126
ali535,Reverse,Best Fit,13438,208,198,6.889
ali535,Reverse,Worst Fit,13438,212,6466,2213.755
ali535,Swap,First Fit,13200,2714,1027,0.386
ali535,Swap,Best Fit,13200,2952,299,23.641
ali535,Swap,Worst Fit,13200,1924,5630,677.101
ali535,Insert,First Fit,13200,2184,869,0.116
ali535,Insert,Best Fit,13200,2734,21,1.69
ali535,Insert,Worst Fit,13200,1868,5663,667.291
ali535,Reverse,First Fit,13200,208,1321,0.176
ali535,Reverse,Best Fit,13200,208,213,7.520
ali535,Reverse,Worst Fit,13200,208,6335,434.26
ali535,Swap,First Fit,13262,2868,973,0.373
ali535,Swap,Best Fit,13262,3066,305,23.977
ali535,Swap,Worst Fit,13262,1834,5704,663.940
ali535,Insert,First Fit,13262,1802,985,0.123
ali535,Insert,Best Fit,13262,3054,6,0.507
ali535,Insert,Worst Fit,13262,1870,5692,634.31
ali535,Reverse,First Fit,13262,208,1351,0.140
ali535,Reverse,Best Fit,13262,208,219,7.679
ali535,Reverse,Worst Fit,13262,208,6359,422.41
ali535,Swap,First Fit,13252,2778,1020,0.337
ali535,Swap,Best Fit,13252,2640,301,23.699
ali535,Swap,Worst Fit,13252,2138,5551,657.877
ali535,Insert,First Fit,13252,1892,961,0.121
ali535,Insert,Best Fit,13252,2528,11,0.672
ali535,Insert,Worst Fit,13252,1882,5682,651.352
ali535,Reverse,First Fit,13252,208,1339,0.121
ali535,Reverse,Best Fit,13252,208,209,7.248
ali535,Reverse,Worst Fit,13252,208,6366,426.624
ali535,Swap,First Fit,13196,2648,965,0.346
ali535,Swap,Best Fit,13196,3000,293,23.394
ali535,Swap,Worst Fit,13196,2030,5580,683.50
ali535,Insert,First Fit,13196,1866,993,0.128
ali535,Insert,Best Fit,13196,2870,18,0.982
ali535,Insert,Worst Fit,13196,1908,5641,669.526
ali535,Reverse,First Fit,13196,208,1288,0.133
ali535,Reverse,Best Fit,13196,208,222,7.824
ali535,Reverse,Worst Fit,13196,208,6343,447.481
ali535,Swap,First Fit,13006,2702,1021,0.438
ali535,Swap,Best Fit,13006,2814,345,26.233
ali535,Swap,Worst Fit,13006,2234,5377,642.786
ali535,Insert,First Fit,13006,1940,909,0.136
ali535,Insert,Best Fit,13006,2804,4,0.426
ali535,Insert,Worst Fit,13006,1652,5677,663.463
ali535,Reverse,First Fit,13006,208,1291,0.149
ali535,Reverse,Best Fit,13006,208,210,7.623
ali535,Reverse,Worst Fit,13006,208,6250,424.956
ali535,Swap,First Fit,13308,2698,1012,0.454
ali535,Swap,Best Fit,13308,2766,325,26.32
ali535,Swap,Worst Fit,13308,2102,5598,697.134
ali535,Insert,First Fit,13308,1792,969,0.150
ali535,Insert,Best Fit,13308,2638,4,0.445
ali535,Insert,Worst Fit,13308,1796,5751,689.853
ali535,Reverse,First Fit,13308,208,1315,0.156
ali535,Reverse,Best Fit,13308,208,200,7.147
ali535,Reverse,Worst Fit,13308,208,6405,450.75
ali535,Swap,First Fit,12948,2342,1043,0.412
ali535,Swap,Best Fit,12948,2760,316,24.763
ali535,Swap,Worst Fit,12948,2240,5346,644.554
ali535,Insert,First Fit,12948,2126,905,0.139
ali535,Insert,Best Fit,12948,2754,3,0.398
ali535,Insert,Worst Fit,12948,1746,5596,646.373
ali535,Reverse,First Fit,12948,208,1321,0.126
ali535,Reverse,Best Fit,12948,208,212,7.700
ali535,Reverse,Worst Fit,12948,208,6219,436.704
ali535,Swap,First Fit,12806,2760,1051,0.313
ali535,Swap,Best Fit,12806,2952,310,26.833
ali535,Swap,Worst Fit,12806,2394,5201,658.395
ali535,Insert,First Fit,12806,1954,946,0.164
ali535,Insert,Best Fit,12806,2870,15,0.851
ali535,Insert,Worst Fit,12806,1804,5494,640.761
ali535,Reverse,First Fit,12806,208,1339,0.130
ali535,Reverse,Best Fit,12806,208,215,8.29
ali535,Reverse,Worst Fit,12806,208,6146,433.314
ali535,Swap,First Fit,13414,2568,1037,0.308
ali535,Swap,Best Fit,13414,3030,309,25.853
ali535,Swap,Worst Fit,13414,1914,5743,3209.491
ali535,Insert,First Fit,13414,1928,935,0.126
ali535,Insert,Best Fit,13414,3026,3,0.496
ali535,Insert,Worst Fit,13414,1922,5738,707.512
ali535,Reverse,First Fit,13414,208,1380,0.144
ali535,Reverse,Best Fit,13414,208,215,8.360
ali535,Reverse,Worst Fit,13414,208,6454,472.938
ali535,Swap,First Fit,13764,2638,1078,0.379
ali535,Swap,Best Fit,13764,3348,286,23.496
ali535,Swap,Worst Fit,13764,1944,5902,716.763
ali535,Insert,First Fit,13764,2058,997,0.156
ali535,Insert,Best Fit,13764,3106,19,0.973
ali535,Insert,Worst Fit,13764,1856,5952,709.404
ali535,Reverse,First Fit,13764,208,1371,0.119
ali535,Reverse,Best Fit,13764,208,232,8.128
ali535,Reverse,Worst Fit,13764,208,6626,458.445
ali535,Swap,First Fit,12680,2742,1042,0.361
ali535,Swap,Best Fit,12680,3184,284,22.85
ali535,Swap,Worst Fit,12680,2424,5117,575.495
ali535,Insert,First Fit,12680,1978,940,0.128
ali535,Insert,Best Fit,12680,2824,26,1.201
ali535,Insert,Worst Fit,12680,1780,5448,587.147
ali535,Reverse,First Fit,12680,208,1319,0.126
ali535,Reverse,Best Fit,12680,208,208,7.148
ali535,Reverse,Worst Fit,12680,208,6089,401.531
ali535,Swap,First Fit,13630,2676,1059,0.382
ali535,Swap,Best Fit,13630,2696,298,23.20
ali535,Swap,Worst Fit,13630,1770,5926,714.357
ali535,Insert,First Fit,13630,2160,929,0.150
ali535,Insert,Best Fit,13630,2688,5,0.497
ali535,Insert,Worst Fit,13630,1760,5932,690.626
ali535,Reverse,First Fit,13630,210,1373,0.120
ali535,Reverse,Best Fit,13630,208,203,7.63
ali535,Reverse,Worst Fit,13630,208,6566,450.58
ali535,Swap,First Fit,13556,2570,1109,0.388
ali535,Swap,Best Fit,13556,3048,303,24.183
ali535,Swap,Worst Fit,13556,2048,5746,699.275
ali535,Insert,First Fit,13556,1966,930,0.111
ali535,Insert,Best Fit,13556,3024,9,0.627
ali535,Insert,Worst Fit,13556,1838,5855,693.750
ali535,Reverse,First Fit,13556,208,1383,0.121
ali535,Reverse,Best Fit,13556,210,223,7.796
ali535,Reverse,Worst Fit,13556,208,6525,447.235
ali535,Swap,First Fit,13398,2910,1042,0.330
ali535,Swap,Best Fit,13398,3058,316,24.538
ali535,Swap,Worst Fit,13398,1962,5711,678.964
ali535,Insert,First Fit,13398,2158,861,0.125
ali535,Insert,Best Fit,13398,2910,13,0.761
ali535,Insert,Worst Fit,13398,1764,5813,682.944
ali535,Reverse,First Fit,13398,208,1335,0.136
ali535,Reverse,Best Fit,13398,210,210,7.362
ali535,Reverse,Worst Fit,13398,208,6439,438.490
ali535,Swap,First Fit,13084,2862,1011,0.366
ali535,Swap,Best Fit,13084,3124,271,21.744
ali535,Swap,Worst Fit,13084,2332,5369,621.569
ali535,Insert,First Fit,13084,2030,905,0.147
ali535,Insert,Best Fit,13084,2920,19,0.963
ali535,Insert,Worst Fit,13084,1928,5572,625.668
ali535,Reverse,First Fit,13084,208,1315,0.130
ali535,Reverse,Best Fit,13084,208,215,7.501
ali535,Reverse,Worst Fit,13084,208,6279,417.699
ali535,Swap,First Fit,13294,2492,1114,0.422
ali535,Swap,Best Fit,13294,2736,291,23.548
ali535,Swap,Worst Fit,13294,2218,5534,661.505
ali535,Insert,First Fit,13294,2040,911,0.139
ali535,Insert,Best Fit,13294,2692,12,0.723
ali535,Insert,Worst Fit,13294,2036,5628,656.280
ali535,Reverse,First Fit,13294,208,1266,0.117
ali535,Reverse,Best Fit,13294,208,206,7.120
ali535,Reverse,Worst Fit,13294,208,6400,429.864
ali535,Swap,First Fit,13078,2666,1036,0.355
ali535,Swap,Best Fit,13078,2646,294,24.397
ali535,Swap,Worst Fit,13078,2038,5514,657.989
ali535,Insert,First Fit,13078,1912,968,0.140
ali535,Insert,Best Fit,13078,2644,2,0.360
ali535,Insert,Worst Fit,13078,1780,5649,668.160
ali535,Reverse,First Fit,13078,208,1343,0.135
ali535,Reverse,Best Fit,13078,208,210,7.467
ali535,Reverse,Worst Fit,13078,208,6280,438.502
att48,Swap,First Fit,138410,43802,140,0.3
att48,Swap,Best Fit,138410,53096,44,0.15
att48,Swap,Worst Fit,138410,45055,3005,1.265
att48,Insert,First Fit,138410,138410,0,0.0
att48,Insert,Best Fit,138410,138410,0,0.0
att48,Insert,Worst Fit,138410,138410,0,0.0
att48,Reverse,First Fit,138410,138410,0,0.0
att48,Reverse,Best Fit,138410,138410,0,0.0
att48,Reverse,Worst Fit,138410,138410,0,0.0
att48,Insert,First Fit,150404,39614,131,0.2
att48,Insert,Best Fit,150404,40780,46,0.15
att48,Insert,Worst Fit,150404,40556,5487,2.287
att48,Swap,First Fit,150404,150404,0,0.0
att48,Swap,Best Fit,150404,150404,0,0.0
att48,Swap,Worst Fit,150404,150404,0,0.0
att48,Reverse,First Fit,150404,150404,0,0.0
att48,Reverse,Best Fit,150404,150404,0,0.0
att48,Reverse,Worst Fit,150404,150404,0,0.0
att48,Reverse,First Fit,150209,35388,109,0.1
att48,Reverse,Best Fit,150209,34038,47,0.14
att48,Reverse,Worst Fit,150209,35265,4904,1.834
att48,Insert,First Fit,150209,150209,0,0.0
att48,Insert,Best Fit,150209,150209,0,0.0
att48,Insert,Worst Fit,150209,150209,0,0.0
att48,Swap,First Fit,150209,150209,0,0.0
att48,Swap,Best Fit,150209,150209,0,0.0
att48,Swap,Worst Fit,150209,150209,0,0.0
att48,Swap,First Fit,130566,54910,107,0.2
att48,Swap,Best Fit,130566,49956,44,0.15
att48,Swap,Worst Fit,130566,48611,2637,1.109
att48,Insert,First Fit,130566,37775,126,0.2
att48,Insert,Best Fit,130566,39167,31,0.9
att48,Insert,Worst Fit,130566,42602,4131,1.640
att48,Reverse,First Fit,130566,35369,109,0.1
att48,Reverse,Best Fit,130566,35367,5,0.2
att48,Reverse,Worst Fit,130566,34880,3480,1.212
att48,Swap,First Fit,157128,43258,145,0.4
att48,Swap,Best Fit,157128,65299,42,0.15
att48,Swap,Worst Fit,157128,50930,4414,2.8
att48,Insert,First Fit,157128,38698,146,0.2
att48,Insert,Best Fit,157128,40442,40,0.11
att48,Insert,Worst Fit,157128,38939,6211,2.626
att48,Reverse,First Fit,157128,34773,142,0.1
att48,Reverse,Best Fit,157128,35152,11,0.3
att48,Reverse,Worst Fit,157128,35409,5202,1.905
att48,Swap,First Fit,160712,48787,144,0.2
att48,Swap,Best Fit,160712,47427,50,0.17
att48,Swap,Worst Fit,160712,46578,4240,1.958
att48,Insert,First Fit,160712,40751,128,0.2
att48,Insert,Best Fit,160712,36720,28,0.8
att48,Insert,Worst Fit,160712,36641,6295,2.673
att48,Reverse,First Fit,160712,35785,122,0.1
att48,Reverse,Best Fit,160712,34513,7,0.2
att48,Reverse,Worst Fit,160712,35178,5630,2.130
att48,Swap,First Fit,151342,48043,146,0.4
att48,Swap,Best Fit,151342,53387,37,0.13
att48,Swap,Worst Fit,151342,44674,3959,1.779
att48,Insert,First Fit,151342,40190,119,0.3
att48,Insert,Best Fit,151342,38844,33,0.10
att48,Insert,Worst Fit,151342,37350,5491,2.236
att48,Reverse,First Fit,151342,35595,140,0.2
att48,Reverse,Best Fit,151342,34703,8,0.2
att48,Reverse,Worst Fit,151342,36088,4672,1.675
att48,Swap,First Fit,157373,46288,155,0.3
att48,Swap,Best Fit,157373,50714,46,0.15
att48,Swap,Worst Fit,157373,45987,4274,1.948
att48,Insert,First Fit,157373,40796,132,0.2
att48,Insert,Best Fit,157373,36356,33,0.9
att48,Insert,Worst Fit,157373,36288,5850,2.487
att48,Reverse,First Fit,157373,34931,133,0.1
att48,Reverse,Best Fit,157373,33886,5,0.1
att48,Reverse,Worst Fit,157373,36101,5471,2.1
att48,Swap,First Fit,154644,52298,126,0.2
att48,Swap,Best Fit,154644,45223,35,0.12
att48,Swap,Worst Fit,154644,41641,4329,1.944
att48,Insert,First Fit,154644,35045,138,0.2
att48,Insert,Best Fit,154644,38688,16,0.5
att48,Insert,Worst Fit,154644,35099,6034,2.515
att48,Reverse,First Fit,154644,35856,116,0.1
att48,Reverse,Best Fit,154644,35308,9,0.2
att48,Reverse,Worst Fit,154644,34668,4752,1.718
att48,Swap,First Fit,167573,54244,125,0.4
att48,Swap,Best Fit,167573,44541,44,0.16
att48,Swap,Worst Fit,167573,41242,5348,2.725
att48,Insert,First Fit,167573,45043,130,0.2
att48,Insert,Best Fit,167573,38125,12,0.4
att48,Insert,Worst Fit,167573,40901,6787,3.72
att48,Reverse,First Fit,167573,35420,125,0.1
att48,Reverse,Best Fit,167573,35840,5,0.2
att48,Reverse,Worst Fit,167573,36528,5649,2.143
att48,Swap,First Fit,154117,47586,149,0.4
att48,Swap,Best Fit,154117,55467,41,0.14
att48,Swap,Worst Fit,154117,43400,4152,2.111
att48,Insert,First Fit,154117,39863,144,0.5
att48,Insert,Best Fit,154117,36536,32,0.14
att48,Insert,Worst Fit,154117,37007,5692,2.478
att48,Reverse,First Fit,154117,34314,109,0.1
att48,Reverse,Best Fit,154117,34471,9,0.2
att48,Reverse,Worst Fit,154117,35585,4738,1.848
att48,Swap,First Fit,151075,54388,126,0.3
att48,Swap,Best Fit,151075,52512,41,0.15
att48,Swap,Worst Fit,151075,47170,3836,1.805
att48,Insert,First Fit,151075,37780,137,0.2
att48,Insert,Best Fit,151075,40754,19,0.7
att48,Insert,Worst Fit,151075,42282,5176,2.229
att48,Reverse,First Fit,151075,34590,146,0.2
att48,Reverse,Best Fit,151075,36179,6,0.2
att48,Reverse,Worst Fit,151075,35131,5112,1.963
att48,Swap,First Fit,148584,52258,106,0.2
att48,Swap,Best Fit,148584,51586,44,0.15
att48,Swap,Worst Fit,148584,46075,3868,1.701
att48,Insert,First Fit,148584,38830,129,0.2
att48,Insert,Best Fit,148584,39274,35,0.10
att48,Insert,Worst Fit,148584,38067,5415,2.249
att48,Reverse,First Fit,148584,35253,152,0.1
att48,Reverse,Best Fit,148584,34169,7,0.2
att48,Reverse,Worst Fit,148584,34570,4592,1.630
att48,Swap,First Fit,142474,48530,100,0.2
att48,Swap,Best Fit,142474,42475,36,0.12
att48,Swap,Worst Fit,142474,39751,3481,1.414
att48,Insert,First Fit,142474,39755,103,0.1
att48,Insert,Best Fit,142474,36036,12,0.3
att48,Insert,Worst Fit,142474,40578,5193,1.942
att48,Reverse,First Fit,142474,36058,126,0.1
att48,Reverse,Best Fit,142474,35890,2,0.1
att48,Reverse,Worst Fit,142474,35271,4212,1.428
att48,Swap,First Fit,141895,49096,124,0.2
att48,Swap,Best Fit,141895,52274,41,0.14
att48,Swap,Worst Fit,141895,46504,3592,1.456
att48,Insert,First Fit,141895,37683,131,0.2
att48,Insert,Best Fit,141895,38366,31,0.8
att48,Insert,Worst Fit,141895,38649,5254,1.984
att48,Reverse,First Fit,141895,35050,140,0.1
att48,Reverse,Best Fit,141895,33615,9,0.2
att48,Reverse,Worst Fit,141895,35219,4443,1.522
att48,Swap,First Fit,168670,50465,102,0.2
att48,Swap,Best Fit,168670,54606,47,0.17
att48,Swap,Worst Fit,168670,46834,5099,2.510
att48,Insert,First Fit,168670,42028,119,0.1
att48,Insert,Best Fit,168670,46536,27,0.8
att48,Insert,Worst Fit,168670,38148,6992,3.83
att48,Reverse,First Fit,168670,35262,129,0.1
att48,Reverse,Best Fit,168670,33585,27,0.7
att48,Reverse,Worst Fit,168670,34668,6278,2.411
att48,Swap,First Fit,164962,50919,122,0.4
att48,Swap,Best Fit,164962,59615,32,0.12
att48,Swap,Worst Fit,164962,46433,4826,2.257
att48,Insert,First Fit,164962,39666,129,0.2
att48,Insert,Best Fit,164962,38260,50,0.14
att48,Insert,Worst Fit,164962,35939,6686,2.940
att48,Reverse,First Fit,164962,35936,124,0.1
att48,Reverse,Best Fit,164962,34574,10,0.3
att48,Reverse,Worst Fit,164962,36873,6218,2.345
att48,Swap,First Fit,155919,44361,140,0.4
att48,Swap,Best Fit,155919,50086,50,0.17
att48,Swap,Worst Fit,155919,42140,4357,2.163
att48,Insert,First Fit,155919,38416,118,0.2
att48,Insert,Best Fit,155919,39640,18,0.5
att48,Insert,Worst Fit,155919,40210,6056,2.548
att48,Reverse,First Fit,155919,35336,126,0.1
att48,Reverse,Best Fit,155919,35719,12,0.3
att48,Reverse,Worst Fit,155919,33999,5508,2.28
att48,Swap,First Fit,163864,48210,146,0.3
att48,Swap,Best Fit,163864,54065,37,0.13
att48,Swap,Worst Fit,163864,44032,4709,2.221
att48,Insert,First Fit,163864,39894,140,0.2
att48,Insert,Best Fit,163864,38206,33,0.9
att48,Insert,Worst Fit,163864,36359,6323,2.700
att48,Reverse,First Fit,163864,34570,122,0.1
att48,Reverse,Best Fit,163864,35188,3,0.1
att48,Reverse,Worst Fit,163864,34565,6279,2.381
att48,Swap,First Fit,135928,45957,127,0.3
att48,Swap,Best Fit,135928,45287,45,0.15
att48,Swap,Worst Fit,135928,46773,3103,1.352
att48,Insert,First Fit,135928,37425,133,0.2
att48,Insert,Best Fit,135928,38504,20,0.6
att48,Insert,Worst Fit,135928,39112,4690,1.829
att48,Reverse,First Fit,135928,35912,94,0.1
att48,Reverse,Best Fit,135928,34923,7,0.2
att48,Reverse,Worst Fit,135928,36395,3742,1.326
att48,Swap,First Fit,173609,43803,134,0.6
att48,Swap,Best Fit,173609,49337,49,0.16
att48,Swap,Worst Fit,173609,44293,5561,2.736
att48,Insert,First Fit,173609,38264,118,0.2
att48,Insert,Best Fit,173609,38996,24,0.7
att48,Insert,Worst Fit,173609,37331,7348,3.334
att48,Reverse,First Fit,173609,35613,128,0.1
att48,Reverse,Best Fit,173609,33934,12,0.3
att48,Reverse,Worst Fit,173609,35150,6295,2.446
att48,Swap,First Fit,160304,53602,106,0.5
att48,Swap,Best Fit,160304,42343,46,0.18
att48,Swap,Worst Fit,160304,50028,4498,1.988
att48,Insert,First Fit,160304,40620,132,0.1
att48,Insert,Best Fit,160304,42133,3,0.1
att48,Insert,Worst Fit,160304,38114,6414,2.571
att48,Reverse,First Fit,160304,35068,115,0.1
att48,Reverse,Best Fit,160304,34742,12,0.3
att48,Reverse,Worst Fit,160304,35653,6125,2.278
att48,Swap,First Fit,153894,43473,141,0.2
att48,Swap,Best Fit,153894,51085,42,0.15
att48,Swap,Worst Fit,153894,43714,4160,1.780
att48,Insert,First Fit,153894,39088,124,0.1
att48,Insert,Best Fit,153894,40967,30,0.8
att48,Insert,Worst Fit,153894,37273,5918,2.321
att48,Reverse,First Fit,153894,35067,127,0.1
att48,Reverse,Best Fit,153894,35934,8,0.2
att48,Reverse,Worst Fit,153894,36587,5238,1.882
att48,Swap,First Fit,157519,39577,156,0.3
att48,Swap,Best Fit,157519,50138,37,0.13
att48,Swap,Worst Fit,157519,47544,4318,1.909
att48,Insert,First Fit,157519,38839,177,0.2
att48,Insert,Best Fit,157519,43232,16,0.4
att48,Insert,Worst Fit,157519,40324,5999,2.458
att48,Reverse,First Fit,157519,35751,138,0.1
att48,Reverse,Best Fit,157519,35765,13,0.3
att48,Reverse,Worst Fit,157519,37538,5187,1.876
att48,Swap,First Fit,151117,51345,158,0.3
att48,Swap,Best Fit,151117,50569,52,0.16
att48,Swap,Worst Fit,151117,43704,4171,1.763
att48,Insert,First Fit,151117,39199,134,0.2
att48,Insert,Best Fit,151117,38693,26,0.7
att48,Insert,Worst Fit,151117,37205,5457,2.120
att48,Reverse,First Fit,151117,36578,119,0.1
att48,Reverse,Best Fit,151117,34653,4,0.1
att48,Reverse,Worst Fit,151117,35182,4763,1.668
att48,Swap,First Fit,151579,55379,143,0.2
att48,Swap,Best Fit,151579,52014,46,0.16
att48,Swap,Worst Fit,151579,50823,3908,1.701
att48,Insert,First Fit,151579,37411,151,0.2
att48,Insert,Best Fit,151579,45653,18,0.5
att48,Insert,Worst Fit,151579,38874,5565,2.164
att48,Reverse,First Fit,151579,35774,128,0.1
att48,Reverse,Best Fit,151579,36402,14,0.3
att48,Reverse,Worst Fit,151579,35167,4844,1.697
att48,Swap,First Fit,156415,48953,134,0.2
att48,Swap,Best Fit,156415,53086,41,0.15
att48,Swap,Worst Fit,156415,42793,4540,1.969
att48,Insert,First Fit,156415,39674,121,0.2
att48,Insert,Best Fit,156415,41674,29,0.8
att48,Insert,Worst Fit,156415,39291,6126,2.408
att48,Reverse,First Fit,156415,34404,137,0.1
att48,Reverse,Best Fit,156415,35098,13,0.3
att48,Reverse,Worst Fit,156415,37374,5241,1.881
att48,Swap,First Fit,159407,52391,126,0.2
att48,Swap,Best Fit,159407,52843,31,0.11
att48,Swap,Worst Fit,159407,43798,4470,1.948
att48,Insert,First Fit,159407,36864,154,0.2
att48,Insert,Best Fit,159407,36862,34,0.9
att48,Insert,Worst Fit,159407,37192,6393,2.613
att48,Reverse,First Fit,159407,36272,130,0.1
att48,Reverse,Best Fit,159407,34138,8,0.2
att48,Reverse,Worst Fit,159407,34324,5149,1.858
att48,Swap,First Fit,155673,48727,131,0.2
att48,Swap,Best Fit,155673,50074,51,0.18
att48,Swap,Worst Fit,155673,48874,4288,1.917
att48,Insert,First Fit,155673,41956,138,0.1
att48,Insert,Best Fit,155673,40702,23,0.6
att48,Insert,Worst Fit,155673,37211,6125,2.545
att48,Reverse,First Fit,155673,34697,124,0.1
att48,Reverse,Best Fit,155673,36269,9,0.2
att48,Reverse,Worst Fit,155673,36293,5170,1.923
berlin52,Swap,First Fit,23250,4540,113,0.3
berlin52,Swap,Best Fit,23250,3850,43,0.19
berlin52,Swap,Worst Fit,23250,5070,790,0.426
berlin52,Insert,First Fit,23250,23250,0,0.1
berlin52,Insert,Best Fit,23250,23250,0,0.1
berlin52,Insert,Worst Fit,23250,23250,0,0.1
berlin52,Reverse,First Fit,23250,23250,0,0.0
berlin52,Reverse,Best Fit,23250,23250,0,0.0
berlin52,Reverse,Worst Fit,23250,23250,0,0.0
berlin52,Insert,First Fit,22870,3460,128,0.3
berlin52,Insert,Best Fit,22870,3430,56,0.22
berlin52,Insert,Worst Fit,22870,3930,945,0.521
berlin52,Swap,First Fit,22870,22870,0,0.1
berlin52,Swap,Best Fit,22870,22870,0,0.0
berlin52,Swap,Worst Fit,22870,22870,0,0.0
berlin52,Reverse,First Fit,22870,22870,0,0.0
berlin52,Reverse,Best Fit,22870,22870,0,0.0
berlin52,Reverse,Worst Fit,22870,22870,0,0.0
berlin52,Reverse,First Fit,19850,3430,94,0.1
berlin52,Reverse,Best Fit,19850,3430,33,0.11
berlin52,Reverse,Worst Fit,19850,3430,278,0.106
berlin52,Insert,First Fit,19850,19850,0,0.0
berlin52,Insert,Best Fit,19850,19850,0,0.0
berlin52,Insert,Worst Fit,19850,19850,0,0.0
berlin52,Swap,First Fit,19850,19850,0,0.0
berlin52,Swap,Best Fit,19850,19850,0,0.0
berlin52,Swap,Worst Fit,19850,19850,0,0.0
berlin52,Swap,First Fit,23720,5750,113,0.2
berlin52,Swap,Best Fit,23720,6330,45,0.21
berlin52,Swap,Worst Fit,23720,5170,772,0.435
berlin52,Insert,First Fit,23720,3720,104,0.3
berlin52,Insert,Best Fit,23720,3510,29,0.10
berlin52,Insert,Worst Fit,23720,3430,1060,0.526
berlin52,Reverse,First Fit,23720,3430,106,0.2
berlin52,Reverse,Best Fit,23720,3430,3,0.1
berlin52,Reverse,Worst Fit,23720,3780,360,0.153
berlin52,Swap,First Fit,22260,5910,101,0.3
berlin52,Swap,Best Fit,22260,5680,50,0.23
berlin52,Swap,Worst Fit,22260,4910,725,0.383
berlin52,Insert,First Fit,22260,3970,98,0.1
berlin52,Insert,Best Fit,22260,4000,26,0.9
berlin52,Insert,Worst Fit,22260,3490,972,0.479
berlin52,Reverse,First Fit,22260,3430,113,0.1
berlin52,Reverse,Best Fit,22260,3430,6,0.2
berlin52,Reverse,Worst Fit,22260,3430,349,0.138
berlin52,Swap,First Fit,20930,6480,106,0.3
berlin52,Swap,Best Fit,20930,5330,51,0.22
berlin52,Swap,Worst Fit,20930,5330,646,0.315
berlin52,Insert,First Fit,20930,3430,111,0.2
berlin52,Insert,Best Fit,20930,3720,20,0.7
berlin52,Insert,Worst Fit,20930,4000,859,0.421
berlin52,Reverse,First Fit,20930,3430,83,0.1
berlin52,Reverse,Best Fit,20930,3430,4,0.1
berlin52,Reverse,Worst Fit,20930,3470,323,0.127
berlin52,Swap,First Fit,20680,4590,113,0.3
berlin52,Swap,Best Fit,20680,7060,38,0.17
berlin52,Swap,Worst Fit,20680,3690,662,0.320
berlin52,Insert,First Fit,20680,3430,120,0.2
berlin52,Insert,Best Fit,20680,3430,38,0.13
berlin52,Insert,Worst Fit,20680,3430,909,0.428
berlin52,Reverse,First Fit,20680,3430,100,0.1
berlin52,Reverse,Best Fit,20680,3430,1,0.1
berlin52,Reverse,Worst Fit,20680,3430,290,0.116
berlin52,Swap,First Fit,26040,5050,132,0.4
berlin52,Swap,Best Fit,26040,7590,32,0.15
berlin52,Swap,Worst Fit,26040,4520,883,0.532
berlin52,Insert,First Fit,26040,3430,136,0.2
berlin52,Insert,Best Fit,26040,4290,29,0.11
berlin52,Insert,Worst Fit,26040,4740,1070,0.581
berlin52,Reverse,First Fit,26040,3430,105,0.1
berlin52,Reverse,Best Fit,26040,3430,7,0.2
berlin52,Reverse,Worst Fit,26040,3430,388,0.157
berlin52,Swap,First Fit,20560,5390,87,0.2
berlin52,Swap,Best Fit,20560,5560,38,0.17
berlin52,Swap,Worst Fit,20560,4330,609,0.303
berlin52,Insert,First Fit,20560,3510,106,0.2
berlin52,Insert,Best Fit,20560,5550,2,0.1
berlin52,Insert,Worst Fit,20560,3430,922,0.437
berlin52,Reverse,First Fit,20560,3430,99,0.1
berlin52,Reverse,Best Fit,20560,3430,15,0.5
berlin52,Reverse,Worst Fit,20560,3430,302,0.120
berlin52,Swap,First Fit,23150,4880,140,0.5
berlin52,Swap,Best Fit,23150,5590,32,0.16
berlin52,Swap,Worst Fit,23150,3640,818,0.477
berlin52,Insert,First Fit,23150,4010,99,0.2
berlin52,Insert,Best Fit,23150,3430,28,0.10
berlin52,Insert,Worst Fit,23150,3430,1025,0.586
berlin52,Reverse,First Fit,23150,3430,79,0.1
berlin52,Reverse,Best Fit,23150,3430,1,0.1
berlin52,Reverse,Worst Fit,23150,3430,360,0.156
berlin52,Swap,First Fit,21290,5060,144,0.8
berlin52,Swap,Best Fit,21290,6590,35,0.21
berlin52,Swap,Worst Fit,21290,4500,658,0.427
berlin52,Insert,First Fit,21290,3470,115,0.2
berlin52,Insert,Best Fit,21290,3430,45,0.16
berlin52,Insert,Worst Fit,21290,3430,912,0.464
berlin52,Reverse,First Fit,21290,3430,98,0.1
berlin52,Reverse,Best Fit,21290,3430,1,0.1
berlin52,Reverse,Worst Fit,21290,3430,332,0.137
berlin52,Swap,First Fit,22800,5900,73,0.2
berlin52,Swap,Best Fit,22800,6830,28,0.13
berlin52,Swap,Worst Fit,22800,6630,741,0.409
berlin52,Insert,First Fit,22800,3460,121,0.2
berlin52,Insert,Best Fit,22800,4400,23,0.8
berlin52,Insert,Worst Fit,22800,5540,924,0.464
berlin52,Reverse,First Fit,22800,3430,103,0.1
berlin52,Reverse,Best Fit,22800,3430,10,0.3
berlin52,Reverse,Worst Fit,22800,3430,337,0.143
berlin52,Swap,First Fit,21080,5450,98,0.2
berlin52,Swap,Best Fit,21080,5510,29,0.13
berlin52,Swap,Worst Fit,21080,4730,626,0.315
berlin52,Insert,First Fit,21080,3780,98,0.2
berlin52,Insert,Best Fit,21080,4010,27,0.9
berlin52,Insert,Worst Fit,21080,4290,908,0.422
berlin52,Reverse,First Fit,21080,3430,107,0.1
berlin52,Reverse,Best Fit,21080,3430,7,0.2
berlin52,Reverse,Worst Fit,21080,3430,326,0.131
berlin52,Swap,First Fit,21300,4130,115,0.3
berlin52,Swap,Best Fit,21300,6470,30,0.14
berlin52,Swap,Worst Fit,21300,5840,671,0.345
berlin52,Insert,First Fit,21300,4790,92,0.1
berlin52,Insert,Best Fit,21300,4140,29,0.10
berlin52,Insert,Worst Fit,21300,3540,893,0.413
berlin52,Reverse,First Fit,21300,3430,96,0.1
berlin52,Reverse,Best Fit,21300,3430,7,0.2
berlin52,Reverse,Worst Fit,21300,3430,309,0.115
berlin52,Swap,First Fit,21510,5820,78,0.2
berlin52,Swap,Best Fit,21510,5490,42,0.18
berlin52,Swap,Worst Fit,21510,3750,632,0.323
berlin52,Insert,First Fit,21510,4470,93,0.1
berlin52,Insert,Best Fit,21510,4390,18,0.6
berlin52,Insert,Worst Fit,21510,3430,939,0.435
berlin52,Reverse,First Fit,21510,3430,93,0.1
berlin52,Reverse,Best Fit,21510,3430,9,0.3
berlin52,Reverse,Worst Fit,21510,3430,304,0.113
berlin52,Swap,First Fit,19290,5200,98,0.2
berlin52,Swap,Best Fit,19290,5470,49,0.21
berlin52,Swap,Worst Fit,19290,6160,513,0.254
berlin52,Insert,First Fit,19290,3750,98,0.3
berlin52,Insert,Best Fit,19290,5100,11,0.4
berlin52,Insert,Worst Fit,19290,3430,826,0.378
berlin52,Reverse,First Fit,19290,3430,93,0.1
berlin52,Reverse,Best Fit,19290,3430,12,0.4
berlin52,Reverse,Worst Fit,19290,3430,278,0.102
berlin52,Swap,First Fit,23950,6000,115,0.3
berlin52,Swap,Best Fit,23950,6460,41,0.19
berlin52,Swap,Worst Fit,23950,5850,830,0.461
berlin52,Insert,First Fit,23950,3430,138,0.2
berlin52,Insert,Best Fit,23950,3790,22,0.8
berlin52,Insert,Worst Fit,23950,3430,1052,0.528
berlin52,Reverse,First Fit,23950,3430,105,0.1
berlin52,Reverse,Best Fit,23950,3430,6,0.2
berlin52,Reverse,Worst Fit,23950,3430,374,0.162
berlin52,Swap,First Fit,23640,4600,106,0.3
berlin52,Swap,Best Fit,23640,5050,35,0.18
berlin52,Swap,Worst Fit,23640,4720,834,0.430
berlin52,Insert,First Fit,23640,3430,123,0.1
berlin52,Insert,Best Fit,23640,3670,21,0.8
berlin52,Insert,Worst Fit,23640,3790,1042,0.545
berlin52,Reverse,First Fit,23640,3430,111,0.1
berlin52,Reverse,Best Fit,23640,3430,3,0.1
berlin52,Reverse,Worst Fit,23640,3780,349,0.137
berlin52,Swap,First Fit,22920,4320,110,0.3
berlin52,Swap,Best Fit,22920,5750,34,0.16
berlin52,Swap,Worst Fit,22920,6210,730,0.389
berlin52,Insert,First Fit,22920,3430,115,0.2
berlin52,Insert,Best Fit,22920,3430,30,0.15
berlin52,Insert,Worst Fit,22920,3720,986,0.493
berlin52,Reverse,First Fit,22920,3430,96,0.1
berlin52,Reverse,Best Fit,22920,3430,1,0.1
berlin52,Reverse,Worst Fit,22920,3430,334,0.127
berlin52,Swap,First Fit,23210,4820,125,0.3
berlin52,Swap,Best Fit,23210,6140,45,0.20
berlin52,Swap,Worst Fit,23210,5190,802,0.442
berlin52,Insert,First Fit,23210,3460,118,0.3
berlin52,Insert,Best Fit,23210,4010,24,0.9
berlin52,Insert,Worst Fit,23210,4480,909,0.453
berlin52,Reverse,First Fit,23210,3430,95,0.1
berlin52,Reverse,Best Fit,23210,3430,6,0.2
berlin52,Reverse,Worst Fit,23210,3430,363,0.149
berlin52,Swap,First Fit,23280,5600,101,0.3
berlin52,Swap,Best Fit,23280,5780,49,0.21
berlin52,Swap,Worst Fit,23280,5460,871,0.478
berlin52,Insert,First Fit,23280,3690,129,0.3
berlin52,Insert,Best Fit,23280,4010,27,0.12
berlin52,Insert,Worst Fit,23280,4640,863,0.434
berlin52,Reverse,First Fit,23280,3430,100,0.1
berlin52,Reverse,Best Fit,23280,3430,8,0.3
berlin52,Reverse,Worst Fit,23280,3430,362,0.140
berlin52,Swap,First Fit,21870,5300,87,0.2
berlin52,Swap,Best Fit,21870,6120,36,0.15
berlin52,Swap,Worst Fit,21870,7270,648,0.324
berlin52,Insert,First Fit,21870,3750,121,0.2
berlin52,Insert,Best Fit,21870,4100,26,0.9
berlin52,Insert,Worst Fit,21870,3430,843,0.380
berlin52,Reverse,First Fit,21870,3430,101,0.1
berlin52,Reverse,Best Fit,21870,3430,6,0.2
berlin52,Reverse,Worst Fit,21870,3430,327,0.130
berlin52,Swap,First Fit,20940,4850,90,0.2
berlin52,Swap,Best Fit,20940,5960,34,0.15
berlin52,Swap,Worst Fit,20940,5710,647,0.316
berlin52,Insert,First Fit,20940,3430,110,0.2
berlin52,Insert,Best Fit,20940,4140,21,0.7
berlin52,Insert,Worst Fit,20940,3490,893,0.420
berlin52,Reverse,First Fit,20940,3430,73,0.1
berlin52,Reverse,Best Fit,20940,3430,8,0.3
berlin52,Reverse,Worst Fit,20940,3430,297,0.110
berlin52,Swap,First Fit,22960,3930,135,0.3
berlin52,Swap,Best Fit,22960,5700,39,0.17
berlin52,Swap,Worst Fit,22960,5570,782,0.401
berlin52,Insert,First Fit,22960,3750,118,0.2
berlin52,Insert,Best Fit,22960,4680,22,0.8
berlin52,Insert,Worst Fit,22960,4900,925,0.442
berlin52,Reverse,First Fit,22960,3430,102,0.1
berlin52,Reverse,Best Fit,22960,3430,9,0.3
berlin52,Reverse,Worst Fit,22960,3430,353,0.135
berlin52,Swap,First Fit,24960,4940,125,0.3
berlin52,Swap,Best Fit,24960,5090,40,0.18
berlin52,Swap,Worst Fit,24960,4970,892,0.464
berlin52,Insert,First Fit,24960,5440,88,0.1
berlin52,Insert,Best Fit,24960,3430,29,0.10
berlin52,Insert,Worst Fit,24960,3760,1066,0.536
berlin52,Reverse,First Fit,24960,3430,103,0.1
berlin52,Reverse,Best Fit,24960,3430,1,0.1
berlin52,Reverse,Worst Fit,24960,3520,369,0.147
berlin52,Swap,First Fit,23910,4900,101,0.2
berlin52,Swap,Best Fit,23910,5660,39,0.17
berlin52,Swap,Worst Fit,23910,4700,826,0.425
berlin52,Insert,First Fit,23910,3970,114,0.3
berlin52,Insert,Best Fit,23910,3520,27,0.9
berlin52,Insert,Worst Fit,23910,3430,1012,0.489
berlin52,Reverse,First Fit,23910,3430,102,0.1
berlin52,Reverse,Best Fit,23910,3430,4,0.1
berlin52,Reverse,Worst Fit,23910,3430,363,0.141
berlin52,Swap,First Fit,24800,4810,100,0.2
berlin52,Swap,Best Fit,24800,5310,50,0.22
berlin52,Swap,Worst Fit,24800,5960,886,0.472
berlin52,Insert,First Fit,24800,3460,98,0.2
berlin52,Insert,Best Fit,24800,3430,23,0.8
berlin52,Insert,Worst Fit,24800,5120,965,0.490
berlin52,Reverse,First Fit,24800,3430,99,0.1
berlin52,Reverse,Best Fit,24800,3430,1,0.1
berlin52,Reverse,Worst Fit,24800,3430,365,0.142
berlin52,Swap,First Fit,22540,4600,91,0.2
berlin52,Swap,Best Fit,22540,6580,40,0.18
berlin52,Swap,Worst Fit,22540,5090,747,0.395
berlin52,Insert,First Fit,22540,3750,82,0.1
berlin52,Insert,Best Fit,22540,3610,38,0.13
berlin52,Insert,Worst Fit,22540,3460,997,0.479
berlin52,Reverse,First Fit,22540,3430,113,0.1
berlin52,Reverse,Best Fit,22540,3430,3,0.1
berlin52,Reverse,Worst Fit,22540,3780,335,0.127
berlin52,Swap,First Fit,22910,7720,96,0.2
berlin52,Swap,Best Fit,22910,7010,40,0.18
berlin52,Swap,Worst Fit,22910,5230,774,0.391
berlin52,Insert,First Fit,22910,3750,99,0.2
berlin52,Insert,Best Fit,22910,4300,18,0.6
berlin52,Insert,Worst Fit,22910,4740,929,0.478
berlin52,Reverse,First Fit,22910,3430,107,0.1
berlin52,Reverse,Best Fit,22910,3430,10,0.3
berlin52,Reverse,Worst Fit,22910,3430,324,0.122
bier127,Swap,First Fit,643480,181238,561,0.51
bier127,Swap,Best Fit,643480,194222,137,0.359
bier127,Swap,Worst Fit,643480,179673,36615,155.770
bier127,Insert,First Fit,643480,643480,0,0.8
bier127,Insert,Best Fit,643480,643480,0,0.8
bier127,Insert,Worst Fit,643480,643480,0,0.9
bier127,Reverse,First Fit,643480,643480,0,0.7
bier127,Reverse,Best Fit,643480,643480,0,0.6
bier127,Reverse,Worst Fit,643480,643480,0,0.6
bier127,Insert,First Fit,579109,134528,502,0.24
bier127,Insert,Best Fit,579109,148041,183,0.397
bier127,Insert,Worst Fit,579109,148298,56396,195.820
bier127,Swap,First Fit,579109,579109,0,0.7
bier127,Swap,Best Fit,579109,579109,0,0.7
bier127,Swap,Worst Fit,579109,579109,0,0.7
bier127,Reverse,First Fit,579109,579109,0,0.6
bier127,Reverse,Best Fit,579109,579109,0,0.6
bier127,Reverse,Worst Fit,579109,579109,0,0.6
bier127,Reverse,First Fit,635178,130335,461,0.12
bier127,Reverse,Best Fit,635178,127795,137,0.286
bier127,Reverse,Worst Fit,635178,130972,58388,179.875
bier127,Insert,First Fit,635178,635178,0,0.8
bier127,Insert,Best Fit,635178,635178,0,0.7
bier127,Insert,Worst Fit,635178,635178,0,0.7
bier127,Swap,First Fit,635178,635178,0,0.8
bier127,Swap,Best Fit,635178,635178,0,0.8
bier127,Swap,Worst Fit,635178,635178,0,0.8
bier127,Swap,First Fit,652942,193874,493,0.50
bier127,Swap,Best Fit,652942,179626,150,0.376
bier127,Swap,Worst Fit,652942,167069,39804,163.586
bier127,Insert,First Fit,652942,141257,455,0.24
bier127,Insert,Best Fit,652942,140177,86,0.158
bier127,Insert,Worst Fit,652942,141198,73092,277.524
bier127,Reverse,First Fit,652942,130028,484,0.11
bier127,Reverse,Best Fit,652942,124399,21,0.40
bier127,Reverse,Worst Fit,652942,138049,61636,193.264
bier127,Swap,First Fit,631737,180250,574,0.46
bier127,Swap,Best Fit,631737,198230,118,0.316
bier127,Swap,Worst Fit,631737,172792,36528,147.773
bier127,Insert,First Fit,631737,135558,506,0.28
bier127,Insert,Best Fit,631737,149670,72,0.135
bier127,Insert,Worst Fit,631737,146425,67435,247.644
bier127,Reverse,First Fit,631737,129674,456,0.12
bier127,Reverse,Best Fit,631737,128968,26,0.51
bier127,Reverse,Worst Fit,631737,137643,56767,175.567
bier127,Swap,First Fit,606561,182309,534,0.57
bier127,Swap,Best Fit,606561,181691,154,0.380
bier127,Swap,Worst Fit,606561,169979,33023,124.434
bier127,Insert,First Fit,606561,144448,495,0.19
bier127,Insert,Best Fit,606561,148399,57,0.108
bier127,Insert,Worst Fit,606561,144105,62441,222.173
bier127,Reverse,First Fit,606561,129411,483,0.10
bier127,Reverse,Best Fit,606561,124010,35,0.61
bier127,Reverse,Worst Fit,606561,131955,52102,152.142
bier127,Swap,First Fit,663751,194106,484,0.44
bier127,Swap,Best Fit,663751,179955,156,0.384
bier127,Swap,Worst Fit,663751,181248,40116,172.816
bier127,Insert,First Fit,663751,137070,525,0.25
bier127,Insert,Best Fit,663751,148061,72,0.134
bier127,Insert,Worst Fit,663751,142792,74481,290.305
bier127,Reverse,First Fit,663751,123045,449,0.10
bier127,Reverse,Best Fit,663751,127521,28,0.60
bier127,Reverse,Worst Fit,663751,138463,63161,202.54
bier127,Swap,First Fit,649749,182074,493,0.45
bier127,Swap,Best Fit,649749,200933,133,0.338
bier127,Swap,Worst Fit,649749,167507,38382,161.471
bier127,Insert,First Fit,649749,150867,513,0.22
bier127,Insert,Best Fit,649749,146529,95,0.176
bier127,Insert,Worst Fit,649749,146194,71424,279.648
bier127,Reverse,First Fit,649749,131112,440,0.10
bier127,Reverse,Best Fit,649749,126829,37,0.64
bier127,Reverse,Worst Fit,649749,131172,59923,197.30
bier127,Swap,First Fit,632431,173817,590,0.71
bier127,Swap,Best Fit,632431,192391,125,0.329
bier127,Swap,Worst Fit,632431,180768,35480,158.951
bier127,Insert,First Fit,632431,150266,538,0.33
bier127,Insert,Best Fit,632431,146325,83,0.183
bier127,Insert,Worst Fit,632431,143790,68653,277.453
bier127,Reverse,First Fit,632431,126155,457,0.11
bier127,Reverse,Best Fit,632431,131231,26,0.48
bier127,Reverse,Worst Fit,632431,132777,56561,205.689
bier127,Swap,First Fit,608504,171862,443,0.45
bier127,Swap,Best Fit,608504,190911,133,0.332
bier127,Swap,Worst Fit,608504,183494,32883,122.142
bier127,Insert,First Fit,608504,149809,528,0.27
bier127,Insert,Best Fit,608504,142977,94,0.172
bier127,Insert,Worst Fit,608504,146443,62024,215.651
bier127,Reverse,First Fit,608504,129281,467,0.10
bier127,Reverse,Best Fit,608504,126390,28,0.50
bier127,Reverse,Worst Fit,608504,132676,52309,155.466
bier127,Swap,First Fit,624691,176401,554,0.56
bier127,Swap,Best Fit,624691,204752,144,0.357
bier127,Swap,Worst Fit,624691,170997,36016,141.660
bier127,Insert,First Fit,624691,144207,516,0.22
bier127,Insert,Best Fit,624691,147094,99,0.181
bier127,Insert,Worst Fit,624691,139786,66367,243.358
bier127,Reverse,First Fit,624691,127859,452,0.12
bier127,Reverse,Best Fit,624691,123067,28,0.51
bier127,Reverse,Worst Fit,624691,133890,55342,170.574
bier127,Swap,First Fit,605464,182957,554,0.49
bier127,Swap,Best Fit,605464,188433,142,0.329
bier127,Swap,Worst Fit,605464,176100,33252,123.654
bier127,Insert,First Fit,605464,138582,435,0.18
bier127,Insert,Best Fit,605464,146662,111,0.200
bier127,Insert,Worst Fit,605464,145488,63169,220.570
bier127,Reverse,First Fit,605464,130700,444,0.10
bier127,Reverse,Best Fit,605464,125559,32,0.56
bier127,Reverse,Worst Fit,605464,130348,50756,147.278
bier127,Swap,First Fit,610863,184401,480,0.46
bier127,Swap,Best Fit,610863,195927,154,0.368
bier127,Swap,Worst Fit,610863,177756,32644,123.825
bier127,Insert,First Fit,610863,138999,520,0.22
bier127,Insert,Best Fit,610863,151647,87,0.160
bier127,Insert,Worst Fit,610863,150974,63558,227.577
bier127,Reverse,First Fit,610863,129785,468,0.10
bier127,Reverse,Best Fit,610863,129975,27,0.48
bier127,Reverse,Worst Fit,610863,136591,53311,160.718
bier127,Swap,First Fit,670684,207198,446,0.43
bier127,Swap,Best Fit,670684,199603,134,0.360
bier127,Swap,Worst Fit,670684,177663,41576,179.30
bier127,Insert,First Fit,670684,147654,579,0.34
bier127,Insert,Best Fit,670684,159545,85,0.156
bier127,Insert,Worst Fit,670684,151422,75555,299.698
bier127,Reverse,First Fit,670684,133992,429,0.10
bier127,Reverse,Best Fit,670684,127206,44,0.76
bier127,Reverse,Worst Fit,670684,139064,64836,210.155
bier127,Swap,First Fit,636836,193230,502,0.47
bier127,Swap,Best Fit,636836,197827,166,0.402
bier127,Swap,Worst Fit,636836,177107,36405,148.212
bier127,Insert,First Fit,636836,147939,445,0.21
bier127,Insert,Best Fit,636836,152421,96,0.177
bier127,Insert,Worst Fit,636836,149231,69636,260.403
bier127,Reverse,First Fit,636836,127195,476,0.11
bier127,Reverse,Best Fit,636836,124171,36,0.62
bier127,Reverse,Worst Fit,636836,133687,57989,178.179
bier127,Swap,First Fit,686731,195821,507,0.42
bier127,Swap,Best Fit,686731,191859,139,0.376
bier127,Swap,Worst Fit,686731,191133,43240,196.767
bier127,Insert,First Fit,686731,145361,548,0.24
bier127,Insert,Best Fit,686731,145032,96,0.187
bier127,Insert,Worst Fit,686731,146423,77353,315.71
bier127,Reverse,First Fit,686731,125955,470,0.12
bier127,Reverse,Best Fit,686731,127396,28,0.51
bier127,Reverse,Worst Fit,686731,133806,70672,238.783
bier127,Swap,First Fit,631626,165839,561,0.58
bier127,Swap,Best Fit,631626,204149,149,0.371
bier127,Swap,Worst Fit,631626,197047,36546,147.9
bier127,Insert,First Fit,631626,142817,476,0.26
bier127,Insert,Best Fit,631626,150283,96,0.177
bier127,Insert,Worst Fit,631626,143780,66820,250.583
bier127,Reverse,First Fit,631626,123370,485,0.13
bier127,Reverse,Best Fit,631626,123875,33,0.58
bier127,Reverse,Worst Fit,631626,129015,55964,173.485
bier127,Swap,First Fit,635580,191716,520,0.53
bier127,Swap,Best Fit,635580,199179,180,0.443
bier127,Swap,Worst Fit,635580,173956,36828,147.56
bier127,Insert,First Fit,635580,137292,529,0.27
bier127,Insert,Best Fit,635580,143866,91,0.180
bier127,Insert,Worst Fit,635580,154769,68444,256.11
bier127,Reverse,First Fit,635580,127695,426,0.10
bier127,Reverse,Best Fit,635580,125591,19,0.37
bier127,Reverse,Worst Fit,635580,135028,57720,178.606
bier127,Swap,First Fit,636984,160888,551,0.62
bier127,Swap,Best Fit,636984,183649,155,0.375
bier127,Swap,Worst Fit,636984,174868,36489,150.348
bier127,Insert,First Fit,636984,146191,433,0.21
bier127,Insert,Best Fit,636984,152319,75,0.142
bier127,Insert,Worst Fit,636984,134408,70745,266.158
bier127,Reverse,First Fit,636984,131377,491,0.12
bier127,Reverse,Best Fit,636984,122581,33,0.58
bier127,Reverse,Worst Fit,636984,134468,60411,186.614
bier127,Swap,First Fit,615938,177167,539,0.52
bier127,Swap,Best Fit,615938,184078,189,0.432
bier127,Swap,Worst Fit,615938,168770,34778,131.719
bier127,Insert,First Fit,615938,142406,508,0.22
bier127,Insert,Best Fit,615938,145013,94,0.172
bier127,Insert,Worst Fit,615938,134688,63898,228.729
bier127,Reverse,First Fit,615938,124755,446,0.9
bier127,Reverse,Best Fit,615938,124723,33,0.58
bier127,Reverse,Worst Fit,615938,129551,53979,163.220
bier127,Swap,First Fit,609930,183247,504,0.59
bier127,Swap,Best Fit,609930,226068,143,0.336
bier127,Swap,Worst Fit,609930,176520,34434,128.501
bier127,Insert,First Fit,609930,135533,512,0.31
bier127,Insert,Best Fit,609930,164829,95,0.174
bier127,Insert,Worst Fit,609930,138844,62325,215.775
bier127,Reverse,First Fit,609930,132339,395,0.9
bier127,Reverse,Best Fit,609930,124600,33,0.58
bier127,Reverse,Worst Fit,609930,133641,51855,155.190
bier127,Swap,First Fit,651385,172252,478,0.46
bier127,Swap,Best Fit,651385,192425,121,0.310
bier127,Swap,Worst Fit,651385,171030,38451,157.90
bier127,Insert,First Fit,651385,134137,512,0.23
bier127,Insert,Best Fit,651385,155206,69,0.128
bier127,Insert,Worst Fit,651385,136678,71474,271.44
bier127,Reverse,First Fit,651385,130503,480,0.11
bier127,Reverse,Best Fit,651385,126268,33,0.58
bier127,Reverse,Worst Fit,651385,137860,61935,199.241
bier127,Swap,First Fit,610579,177955,490,0.51
bier127,Swap,Best Fit,610579,193167,128,0.314
bier127,Swap,Worst Fit,610579,187563,33993,127.313
bier127,Insert,First Fit,610579,155152,497,0.18
bier127,Insert,Best Fit,610579,156102,51,0.97
bier127,Insert,Worst Fit,610579,141911,63470,220.579
bier127,Reverse,First Fit,610579,134416,431,0.10
bier127,Reverse,Best Fit,610579,124491,37,0.64
bier127,Reverse,Worst Fit,610579,136725,54748,169.56
bier127,Swap,First Fit,632333,168268,534,0.54
bier127,Swap,Best Fit,632333,193220,205,0.506
bier127,Swap,Worst Fit,632333,175387,35835,140.786
bier127,Insert,First Fit,632333,141491,536,0.23
bier127,Insert,Best Fit,632333,139208,99,0.182
bier127,Insert,Worst Fit,632333,147115,67497,245.599
bier127,Reverse,First Fit,632333,127677,495,0.10
bier127,Reverse,Best Fit,632333,124319,24,0.43
bier127,Reverse,Worst Fit,632333,133254,58190,182.199
bier127,Swap,First Fit,651835,176095,519,0.47
bier127,Swap,Best Fit,651835,196970,134,0.353
bier127,Swap,Worst Fit,651835,174112,38711,158.530
bier127,Insert,First Fit,651835,140373,547,0.23
bier127,Insert,Best Fit,651835,162617,70,0.130
bier127,Insert,Worst Fit,651835,142707,72641,277.625
bier127,Reverse,First Fit,651835,130525,448,0.9
bier127,Reverse,Best Fit,651835,127105,34,0.60
bier127,Reverse,Worst Fit,651835,135453,62673,200.167
bier127,Swap,First Fit,661978,192404,500,0.43
bier127,Swap,Best Fit,661978,204379,142,0.357
bier127,Swap,Worst Fit,661978,184099,40206,169.772
bier127,Insert,First Fit,661978,150494,476,0.14
bier127,Insert,Best Fit,661978,156865,68,0.127
bier127,Insert,Worst Fit,661978,147785,72946,279.818
bier127,Reverse,First Fit,661978,132331,449,0.9
bier127,Reverse,Best Fit,661978,126553,30,0.54
bier127,Reverse,Worst Fit,661978,134599,65236,210.633
bier127,Swap,First Fit,593304,181708,515,0.53
bier127,Swap,Best Fit,593304,189133,133,0.324
bier127,Swap,Worst Fit,593304,170984,31273,113.902
bier127,Insert,First Fit,593304,142265,475,0.19
bier127,Insert,Best Fit,593304,153142,81,0.148
bier127,Insert,Worst Fit,593304,146818,60549,206.278
bier127,Reverse,First Fit,593304,127255,435,0.10
bier127,Reverse,Best Fit,593304,125189,31,0.55
bier127,Reverse,Worst Fit,593304,132798,51177,152.82
burma14,Swap,First Fit,58,22,11,0.0
burma14,Swap,Best Fit,58,22,5,0.0
burma14,Swap,Worst Fit,58,28,11,0.0
burma14,Insert,First Fit,58,58,0,0.0
burma14,Insert,Best Fit,58,58,0,0.0
burma14,Insert,Worst Fit,58,58,0,0.0
burma14,Reverse,First Fit,58,58,0,0.0
burma14,Reverse,Best Fit,58,58,0,0.0
burma14,Reverse,Worst Fit,58,58,0,0.0
burma14,Insert,First Fit,52,30,5,0.0
burma14,Insert,Best Fit,52,22,7,0.0
burma14,Insert,Worst Fit,52,22,14,0.0
burma14,Swap,First Fit,52,52,0,0.0
burma14,Swap,Best Fit,52,52,0,0.0
burma14,Swap,Worst Fit,52,52,0,0.0
burma14,Reverse,First Fit,52,52,0,0.0
burma14,Reverse,Best Fit,52,52,0,0.0
burma14,Reverse,Worst Fit,52,52,0,0.0
burma14,Reverse,First Fit,44,22,7,0.0
burma14,Reverse,Best Fit,44,22,4,0.0
burma14,Reverse,Worst Fit,44,22,9,0.0
burma14,Insert,First Fit,44,44,0,0.0
burma14,Insert,Best Fit,44,44,0,0.0
burma14,Insert,Worst Fit,44,44,0,0.0
burma14,Swap,First Fit,44,44,0,0.0
burma14,Swap,Best Fit,44,44,0,0.0
burma14,Swap,Worst Fit,44,44,0,0.0
burma14,Swap,First Fit,50,30,4,0.0
burma14,Swap,Best Fit,50,22,5,0.0
burma14,Swap,Worst Fit,50,22,12,0.1
burma14,Insert,First Fit,50,22,9,0.0
burma14,Insert,Best Fit,50,22,1,0.0
burma14,Insert,Worst Fit,50,24,10,0.0
burma14,Reverse,First Fit,50,22,9,0.0
burma14,Reverse,Best Fit,50,22,1,0.0
burma14,Reverse,Worst Fit,50,22,11,0.0
burma14,Swap,First Fit,44,22,5,0.0
burma14,Swap,Best Fit,44,22,4,0.0
burma14,Swap,Worst Fit,44,24,8,0.0
burma14,Insert,First Fit,44,30,4,0.0
burma14,Insert,Best Fit,44,22,1,0.0
burma14,Insert,Worst Fit,44,22,10,0.0
burma14,Reverse,First Fit,44,22,7,0.0
burma14,Reverse,Best Fit,44,22,1,0.0
burma14,Reverse,Worst Fit,44,26,8,0.0
burma14,Swap,First Fit,38,22,4,0.0
burma14,Swap,Best Fit,38,22,3,0.0
burma14,Swap,Worst Fit,38,22,7,0.0
burma14,Insert,First Fit,38,22,5,0.0
burma14,Insert,Best Fit,38,22,1,0.0
burma14,Insert,Worst Fit,38,22,8,0.0
burma14,Reverse,First Fit,38,22,4,0.0
burma14,Reverse,Best Fit,38,22,1,0.0
burma14,Reverse,Worst Fit,38,22,6,0.0
burma14,Swap,First Fit,44,24,6,0.0
burma14,Swap,Best Fit,44,32,2,0.0
burma14,Swap,Worst Fit,44,30,7,0.0
burma14,Insert,First Fit,44,22,7,0.0
burma14,Insert,Best Fit,44,30,2,0.0
burma14,Insert,Worst Fit,44,30,7,0.0
burma14,Reverse,First Fit,44,22,7,0.0
burma14,Reverse,Best Fit,44,22,4,0.0
burma14,Reverse,Worst Fit,44,22,9,0.0
burma14,Swap,First Fit,64,22,10,0.0
burma14,Swap,Best Fit,64,32,2,0.0
burma14,Swap,Worst Fit,64,22,17,0.0
burma14,Insert,First Fit,64,32,7,0.0
burma14,Insert,Best Fit,64,30,2,0.0
burma14,Insert,Worst Fit,64,24,19,0.0
burma14,Reverse,First Fit,64,22,10,0.0
burma14,Reverse,Best Fit,64,22,3,0.0
burma14,Reverse,Worst Fit,64,24,16,0.0
burma14,Swap,First Fit,62,32,10,0.0
burma14,Swap,Best Fit,62,22,4,0.0
burma14,Swap,Worst Fit,62,22,16,0.0
burma14,Insert,First Fit,62,22,9,0.0
burma14,Insert,Best Fit,62,22,1,0.0
burma14,Insert,Worst Fit,62,22,19,0.0
burma14,Reverse,First Fit,62,22,11,0.0
burma14,Reverse,Best Fit,62,22,1,0.0
burma14,Reverse,Worst Fit,62,28,14,0.0
burma14,Swap,First Fit,64,24,14,0.0
burma14,Swap,Best Fit,64,22,5,0.0
burma14,Swap,Worst Fit,64,22,15,0.0
burma14,Insert,First Fit,64,30,7,0.0
burma14,Insert,Best Fit,64,22,1,0.0
burma14,Insert,Worst Fit,64,22,21,0.0
burma14,Reverse,First Fit,64,22,11,0.0
burma14,Reverse,Best Fit,64,22,1,0.0
burma14,Reverse,Worst Fit,64,22,17,0.0
burma14,Swap,First Fit,64,22,10,0.0
burma14,Swap,Best Fit,64,30,3,0.0
burma14,Swap,Worst Fit,64,30,14,0.0
burma14,Insert,First Fit,64,22,11,0.0
burma14,Insert,Best Fit,64,30,1,0.0
burma14,Insert,Worst Fit,64,22,20,0.0
burma14,Reverse,First Fit,64,22,11,0.0
burma14,Reverse,Best Fit,64,24,2,0.0
burma14,Reverse,Worst Fit,64,22,17,0.0
burma14,Swap,First Fit,36,22,4,0.0
burma14,Swap,Best Fit,36,22,3,0.0
burma14,Swap,Worst Fit,36,24,6,0.0
burma14,Insert,First Fit,36,22,4,0.0
burma14,Insert,Best Fit,36,22,1,0.0
burma14,Insert,Worst Fit,36,22,5,0.0
burma14,Reverse,First Fit,36,22,4,0.0
burma14,Reverse,Best Fit,36,22,1,0.0
burma14,Reverse,Worst Fit,36,22,6,0.0
burma14,Swap,First Fit,34,22,4,0.0
burma14,Swap,Best Fit,34,22,4,0.0
burma14,Swap,Worst Fit,34,22,6,0.0
burma14,Insert,First Fit,34,22,3,0.0
burma14,Insert,Best Fit,34,22,1,0.0
burma14,Insert,Worst Fit,34,22,6,0.0
burma14,Reverse,First Fit,34,22,4,0.0
burma14,Reverse,Best Fit,34,22,1,0.0
burma14,Reverse,Worst Fit,34,24,4,0.0
burma14,Swap,First Fit,68,22,6,0.0
burma14,Swap,Best Fit,68,22,4,0.0
burma14,Swap,Worst Fit,68,32,17,0.0
burma14,Insert,First Fit,68,24,8,0.0
burma14,Insert,Best Fit,68,22,1,0.0
burma14,Insert,Worst Fit,68,22,22,0.0
burma14,Reverse,First Fit,68,22,10,0.0
burma14,Reverse,Best Fit,68,22,1,0.0
burma14,Reverse,Worst Fit,68,22,18,0.0
burma14,Swap,First Fit,56,22,9,0.0
burma14,Swap,Best Fit,56,22,5,0.0
burma14,Swap,Worst Fit,56,30,13,0.0
burma14,Insert,First Fit,56,28,6,0.0
burma14,Insert,Best Fit,56,22,1,0.0
burma14,Insert,Worst Fit,56,22,17,0.0
burma14,Reverse,First Fit,56,22,10,0.0
burma14,Reverse,Best Fit,56,22,1,0.0
burma14,Reverse,Worst Fit,56,22,14,0.0
burma14,Swap,First Fit,48,30,7,0.0
burma14,Swap,Best Fit,48,22,5,0.0
burma14,Swap,Worst Fit,48,22,12,0.0
burma14,Insert,First Fit,48,22,9,0.0
burma14,Insert,Best Fit,48,22,1,0.0
burma14,Insert,Worst Fit,48,30,8,0.0
burma14,Reverse,First Fit,48,22,7,0.0
burma14,Reverse,Best Fit,48,22,1,0.0
burma14,Reverse,Worst Fit,48,22,11,0.0
burma14,Swap,First Fit,56,22,13,0.0
burma14,Swap,Best Fit,56,28,5,0.0
burma14,Swap,Worst Fit,56,26,12,0.0
burma14,Insert,First Fit,56,22,11,0.0
burma14,Insert,Best Fit,56,22,4,0.0
burma14,Insert,Worst Fit,56,22,16,0.0
burma14,Reverse,First Fit,56,22,9,0.0
burma14,Reverse,Best Fit,56,22,1,0.0
burma14,Reverse,Worst Fit,56,26,12,0.0
burma14,Swap,First Fit,58,22,9,0.0
burma14,Swap,Best Fit,58,24,3,0.0
burma14,Swap,Worst Fit,58,22,14,0.0
burma14,Insert,First Fit,58,22,8,0.0
burma14,Insert,Best Fit,58,22,2,0.0
burma14,Insert,Worst Fit,58,24,16,0.0
burma14,Reverse,First Fit,58,22,6,0.0
burma14,Reverse,Best Fit,58,22,1,0.0
burma14,Reverse,Worst Fit,58,22,14,0.0
burma14,Swap,First Fit,60,22,9,0.0
burma14,Swap,Best Fit,60,22,5,0.0
burma14,Swap,Worst Fit,60,34,12,0.0
burma14,Insert,First Fit,60,30,8,0.0
burma14,Insert,Best Fit,60,22,1,0.0
burma14,Insert,Worst Fit,60,22,17,0.0
burma14,Reverse,First Fit,60,22,9,0.0
burma14,Reverse,Best Fit,60,22,1,0.0
burma14,Reverse,Worst Fit,60,22,15,0.0
burma14,Swap,First Fit,50,22,8,0.0
burma14,Swap,Best Fit,50,32,3,0.0
burma14,Swap,Worst Fit,50,30,9,0.0
burma14,Insert,First Fit,50,22,7,0.0
burma14,Insert,Best Fit,50,22,4,0.0
burma14,Insert,Worst Fit,50,30,10,0.0
burma14,Reverse,First Fit,50,22,7,0.0
burma14,Reverse,Best Fit,50,22,1,0.0
burma14,Reverse,Worst Fit,50,22,12,0.0
burma14,Swap,First Fit,50,24,7,0.0
burma14,Swap,Best Fit,50,28,3,0.0
burma14,Swap,Worst Fit,50,30,10,0.0
burma14,Insert,First Fit,50,22,5,0.0
burma14,Insert,Best Fit,50,22,4,0.0
burma14,Insert,Worst Fit,50,30,10,0.0
burma14,Reverse,First Fit,50,22,5,0.0
burma14,Reverse,Best Fit,50,22,1,0.0
burma14,Reverse,Worst Fit,50,22,10,0.0
burma14,Swap,First Fit,44,22,7,0.0
burma14,Swap,Best Fit,44,22,6,0.0
burma14,Swap,Worst Fit,44,26,7,0.0
burma14,Insert,First Fit,44,22,8,0.0
burma14,Insert,Best Fit,44,22,1,0.0
burma14,Insert,Worst Fit,44,22,10,0.0
burma14,Reverse,First Fit,44,22,7,0.0
burma14,Reverse,Best Fit,44,22,1,0.0
burma14,Reverse,Worst Fit,44,22,8,0.0
burma14,Swap,First Fit,54,22,10,0.0
burma14,Swap,Best Fit,54,22,5,0.0
burma14,Swap,Worst Fit,54,22,13,0.0
burma14,Insert,First Fit,54,22,7,0.0
burma14,Insert,Best Fit,54,22,1,0.0
burma14,Insert,Worst Fit,54,22,14,0.0
burma14,Reverse,First Fit,54,22,8,0.0
burma14,Reverse,Best Fit,54,22,1,0.0
burma14,Reverse,Worst Fit,54,22,13,0.0
burma14,Swap,First Fit,58,22,10,0.0
burma14,Swap,Best Fit,58,30,4,0.0
burma14,Swap,Worst Fit,58,22,16,0.0
burma14,Insert,First Fit,58,34,7,0.0
burma14,Insert,Best Fit,58,30,1,0.0
burma14,Insert,Worst Fit,58,22,16,0.0
burma14,Reverse,First Fit,58,22,10,0.0
burma14,Reverse,Best Fit,58,24,2,0.0
burma14,Reverse,Worst Fit,58,26,12,0.0
burma14,Swap,First Fit,50,22,5,0.0
burma14,Swap,Best Fit,50,22,3,0.0
burma14,Swap,Worst Fit,50,22,12,0.0
burma14,Insert,First Fit,50,22,5,0.0
burma14,Insert,Best Fit,50,22,1,0.0
burma14,Insert,Worst Fit,50,22,12,0.0
burma14,Reverse,First Fit,50,22,6,0.0
burma14,Reverse,Best Fit,50,22,1,0.0
burma14,Reverse,Worst Fit,50,22,11,0.0
burma14,Swap,First Fit,62,32,7,0.0
burma14,Swap,Best Fit,62,22,6,0.0
burma14,Swap,Worst Fit,62,22,19,0.0
burma14,Insert,First Fit,62,22,9,0.0
burma14,Insert,Best Fit,62,22,1,0.0
burma14,Insert,Worst Fit,62,22,17,0.0
burma14,Reverse,First Fit,62,22,7,0.0
burma14,Reverse,Best Fit,62,22,1,0.0
burma14,Reverse,Worst Fit,62,22,16,0.0
burma14,Swap,First Fit,56,22,8,0.0
burma14,Swap,Best Fit,56,32,3,0.0
burma14,Swap,Worst Fit,56,22,13,0.0
burma14,Insert,First Fit,56,24,6,0.0
burma14,Insert,Best Fit,56,30,2,0.0
burma14,Insert,Worst Fit,56,26,14,0.0
burma14,Reverse,First Fit,56,22,8,0.0
burma14,Reverse,Best Fit,56,22,3,0.0
burma14,Reverse,Worst Fit,56,22,14,0.0
burma14,Swap,First Fit,34,22,4,0.0
burma14,Swap,Best Fit,34,22,4,0.0
burma14,Swap,Worst Fit,34,26,4,0.0
burma14,Insert,First Fit,34,22,3,0.0
burma14,Insert,Best Fit,34,22,1,0.0
burma14,Insert,Worst Fit,34,24,5,0.0
burma14,Reverse,First Fit,34,22,5,0.0
burma14,Reverse,Best Fit,34,22,1,0.0
burma14,Reverse,Worst Fit,34,24,4,0.0
burma14,Swap,First Fit,42,22,6,0.0
burma14,Swap,Best Fit,42,32,1,0.0
burma14,Swap,Worst Fit,42,22,10,0.0
burma14,Insert,First Fit,42,30,3,0.0
burma14,Insert,Best Fit,42,22,5,0.0
burma14,Insert,Worst Fit,42,22,10,0.0
burma14,Reverse,First Fit,42,22,5,0.0
burma14,Reverse,Best Fit,42,22,1,0.0
burma14,Reverse,Worst Fit,42,26,7,0.0
ch130,Swap,First Fit,29998,3902,405,0.37
ch130,Swap,Best Fit,29998,4386,121,0.356
ch130,Swap,Worst Fit,29998,4428,5127,21.603
ch130,Insert,First Fit,29998,29998,0,0.7
ch130,Insert,Best Fit,29998,29998,0,0.8
ch130,Insert,Worst Fit,29998,29998,0,0.8
ch130,Reverse,First Fit,29998,29998,0,0.6
ch130,Reverse,Best Fit,29998,29998,0,0.5
ch130,Reverse,Worst Fit,29998,29998,0,0.5
ch130,Insert,First Fit,31610,2568,370,0.15
ch130,Insert,Best Fit,31610,2770,182,0.465
ch130,Insert,Worst Fit,31610,3066,5719,24.396
ch130,Swap,First Fit,31610,31610,0,0.8
ch130,Swap,Best Fit,31610,31610,0,0.8
ch130,Swap,Worst Fit,31610,31610,0,0.8
ch130,Reverse,First Fit,31610,31610,0,0.6
ch130,Reverse,Best Fit,31610,31610,0,0.5
ch130,Reverse,Worst Fit,31610,31610,0,0.5
ch130,Reverse,First Fit,30136,1384,355,0.8
ch130,Reverse,Best Fit,30136,1384,115,0.250
ch130,Reverse,Worst Fit,30136,1384,2193,6.106
ch130,Insert,First Fit,30136,30136,0,0.7
ch130,Insert,Best Fit,30136,30136,0,0.7
ch130,Insert,Worst Fit,30136,30136,0,0.7
ch130,Swap,First Fit,30136,30136,0,0.8
ch130,Swap,Best Fit,30136,30136,0,0.8
ch130,Swap,Worst Fit,30136,30136,0,0.7
ch130,Swap,First Fit,31724,5522,343,0.23
ch130,Swap,Best Fit,31724,5268,119,0.339
ch130,Swap,Worst Fit,31724,3230,5731,25.571
ch130,Insert,First Fit,31724,2506,360,0.17
ch130,Insert,Best Fit,31724,3606,60,0.129
ch130,Insert,Worst Fit,31724,1840,6012,24.678
ch130,Reverse,First Fit,31724,1384,345,0.8
ch130,Reverse,Best Fit,31724,1384,34,0.66
ch130,Reverse,Worst Fit,31724,1384,2298,6.474
ch130,Swap,First Fit,27796,5264,332,0.30
ch130,Swap,Best Fit,27796,5882,131,0.350
ch130,Swap,Worst Fit,27796,4872,4622,18.94
ch130,Insert,First Fit,27796,2116,386,0.19
ch130,Insert,Best Fit,27796,3196,65,0.138
ch130,Insert,Worst Fit,27796,2052,5342,20.368
ch130,Reverse,First Fit,27796,1384,352,0.8
ch130,Reverse,Best Fit,27796,1384,39,0.75
ch130,Reverse,Worst Fit,27796,1384,2028,5.568
ch130,Swap,First Fit,31830,5796,360,0.29
ch130,Swap,Best Fit,31830,6842,117,0.326
ch130,Swap,Worst Fit,31830,3442,5572,25.128
ch130,Insert,First Fit,31830,2650,386,0.15
ch130,Insert,Best Fit,31830,3252,105,0.220
ch130,Insert,Worst Fit,31830,2252,5956,24.566
ch130,Reverse,First Fit,31830,1384,377,0.9
ch130,Reverse,Best Fit,31830,1384,33,0.64
ch130,Reverse,Worst Fit,31830,1384,2324,6.610
ch130,Swap,First Fit,30132,4356,377,0.35
ch130,Swap,Best Fit,30132,5160,127,0.345
ch130,Swap,Worst Fit,30132,5570,4845,20.246
ch130,Insert,First Fit,30132,2500,395,0.19
ch130,Insert,Best Fit,30132,2662,71,0.152
ch130,Insert,Worst Fit,30132,2360,5965,24.29
ch130,Reverse,First Fit,30132,1384,344,0.8
ch130,Reverse,Best Fit,30132,1400,24,0.48
ch130,Reverse,Worst Fit,30132,1384,2207,6.184
ch130,Swap,First Fit,31430,5520,393,0.29
ch130,Swap,Best Fit,31430,4616,158,0.448
ch130,Swap,Worst Fit,31430,4970,5293,23.69
ch130,Insert,First Fit,31430,2316,400,0.18
ch130,Insert,Best Fit,31430,2576,63,0.136
ch130,Insert,Worst Fit,31430,2322,6136,25.896
ch130,Reverse,First Fit,31430,1384,370,0.9
ch130,Reverse,Best Fit,31430,1384,25,0.50
ch130,Reverse,Worst Fit,31430,1384,2295,6.556
ch130,Swap,First Fit,29170,5246,402,0.39
ch130,Swap,Best Fit,29170,6214,120,0.339
ch130,Swap,Worst Fit,29170,3134,5097,21.163
ch130,Insert,First Fit,29170,2390,368,0.13
ch130,Insert,Best Fit,29170,2492,93,0.196
ch130,Insert,Worst Fit,29170,2014,5690,23.383
ch130,Reverse,First Fit,29170,1384,369,0.8
ch130,Reverse,Best Fit,29170,1384,23,0.49
ch130,Reverse,Worst Fit,29170,1384,2144,6.739
ch130,Swap,First Fit,29972,4948,379,0.27
ch130,Swap,Best Fit,29972,5786,115,0.370
ch130,Swap,Worst Fit,29972,3532,5307,22.370
ch130,Insert,First Fit,29972,1684,406,0.28
ch130,Insert,Best Fit,29972,2350,99,0.213
ch130,Insert,Worst Fit,29972,2226,5785,24.453
ch130,Reverse,First Fit,29972,1384,363,0.11
ch130,Reverse,Best Fit,29972,1384,24,0.50
ch130,Reverse,Worst Fit,29972,1384,2220,6.831
ch130,Swap,First Fit,29544,5498,335,0.28
ch130,Swap,Best Fit,29544,5184,146,0.392
ch130,Swap,Worst Fit,29544,4174,5004,19.808
ch130,Insert,First Fit,29544,2760,295,0.13
ch130,Insert,Best Fit,29544,2874,54,0.115
ch130,Insert,Worst Fit,29544,3156,5426,21.611
ch130,Reverse,First Fit,29544,1384,364,0.8
ch130,Reverse,Best Fit,29544,1384,31,0.60
ch130,Reverse,Worst Fit,29544,1384,2153,5.948
ch130,Swap,First Fit,29116,5084,337,0.32
ch130,Swap,Best Fit,29116,5130,130,0.352
ch130,Swap,Worst Fit,29116,3704,5030,20.214
ch130,Insert,First Fit,29116,2644,338,0.12
ch130,Insert,Best Fit,29116,2174,76,0.177
ch130,Insert,Worst Fit,29116,1644,5758,22.425
ch130,Reverse,First Fit,29116,1384,381,0.8
ch130,Reverse,Best Fit,29116,1384,18,0.39
ch130,Reverse,Worst Fit,29116,1384,2096,5.752
ch130,Swap,First Fit,30402,5478,337,0.27
ch130,Swap,Best Fit,30402,5256,165,0.450
ch130,Swap,Worst Fit,30402,3514,5312,21.315
ch130,Insert,First Fit,30402,3172,321,0.9
ch130,Insert,Best Fit,30402,2908,58,0.125
ch130,Insert,Worst Fit,30402,2200,5883,23.373
ch130,Reverse,First Fit,30402,1384,353,0.8
ch130,Reverse,Best Fit,30402,1384,31,0.61
ch130,Reverse,Worst Fit,30402,1384,2222,6.244
ch130,Swap,First Fit,29078,3952,387,0.33
ch130,Swap,Best Fit,29078,5624,105,0.297
ch130,Swap,Worst Fit,29078,3996,5117,20.343
ch130,Insert,First Fit,29078,2420,356,0.18
ch130,Insert,Best Fit,29078,2290,104,0.217
ch130,Insert,Worst Fit,29078,1700,5862,22.601
ch130,Reverse,First Fit,29078,1384,353,0.7
ch130,Reverse,Best Fit,29078,1384,27,0.53
ch130,Reverse,Worst Fit,29078,1384,2097,5.791
ch130,Swap,First Fit,30212,4686,381,0.34
ch130,Swap,Best Fit,30212,6656,104,0.293
ch130,Swap,Worst Fit,30212,4214,5130,21.83
ch130,Insert,First Fit,30212,3388,378,0.16
ch130,Insert,Best Fit,30212,3444,90,0.192
ch130,Insert,Worst Fit,30212,2108,5753,23.250
ch130,Reverse,First Fit,30212,1384,351,0.10
ch130,Reverse,Best Fit,30212,1396,36,0.69
ch130,Reverse,Worst Fit,30212,1384,2224,6.168
ch130,Swap,First Fit,32344,5172,368,0.32
ch130,Swap,Best Fit,32344,4416,161,0.430
ch130,Swap,Worst Fit,32344,3020,5849,24.753
ch130,Insert,First Fit,32344,2214,406,0.25
ch130,Insert,Best Fit,32344,2830,59,0.126
ch130,Insert,Worst Fit,32344,1592,6155,25.769
ch130,Reverse,First Fit,32344,1384,384,0.10
ch130,Reverse,Best Fit,32344,1384,28,0.56
ch130,Reverse,Worst Fit,32344,1384,2377,6.793
ch130,Swap,First Fit,27024,4780,349,0.33
ch130,Swap,Best Fit,27024,5582,111,0.310
ch130,Swap,Worst Fit,27024,4348,4406,17.135
ch130,Insert,First Fit,27024,1880,368,0.20
ch130,Insert,Best Fit,27024,3082,83,0.175
ch130,Insert,Worst Fit,27024,1626,5163,19.419
ch130,Reverse,First Fit,27024,1384,351,0.8
ch130,Reverse,Best Fit,27024,1384,31,0.60
ch130,Reverse,Worst Fit,27024,1384,1997,5.352
ch130,Swap,First Fit,30690,5316,329,0.28
ch130,Swap,Best Fit,30690,6260,141,0.387
ch130,Swap,Worst Fit,30690,4456,5193,21.560
ch130,Insert,First Fit,30690,2412,380,0.14
ch130,Insert,Best Fit,30690,3532,98,0.205
ch130,Insert,Worst Fit,30690,1774,5958,23.953
ch130,Reverse,First Fit,30690,1384,370,0.8
ch130,Reverse,Best Fit,30690,1384,37,0.72
ch130,Reverse,Worst Fit,30690,1384,2236,6.285
ch130,Swap,First Fit,28258,5320,347,0.32
ch130,Swap,Best Fit,28258,6446,113,0.318
ch130,Swap,Worst Fit,28258,4762,4562,18.241
ch130,Insert,First Fit,28258,1564,457,0.23
ch130,Insert,Best Fit,28258,3002,79,0.167
ch130,Insert,Worst Fit,28258,1776,5578,21.318
ch130,Reverse,First Fit,28258,1384,366,0.9
ch130,Reverse,Best Fit,28258,1384,30,0.59
ch130,Reverse,Worst Fit,28258,1432,2054,5.563
ch130,Swap,First Fit,30712,4688,421,0.37
ch130,Swap,Best Fit,30712,6762,137,0.378
ch130,Swap,Worst Fit,30712,3616,5498,22.954
ch130,Insert,First Fit,30712,1876,402,0.21
ch130,Insert,Best Fit,30712,4248,61,0.131
ch130,Insert,Worst Fit,30712,1396,5968,24.114
ch130,Reverse,First Fit,30712,1384,375,0.10
ch130,Reverse,Best Fit,30712,1384,43,0.91
ch130,Reverse,Worst Fit,30712,1384,2257,6.409
ch130,Swap,First Fit,27648,5940,355,0.32
ch130,Swap,Best Fit,27648,6256,144,0.401
ch130,Swap,Worst Fit,27648,4640,4529,17.550
ch130,Insert,First Fit,27648,1608,429,0.17
ch130,Insert,Best Fit,27648,3344,64,0.145
ch130,Insert,Worst Fit,27648,1626,5436,20.357
ch130,Reverse,First Fit,27648,1384,323,0.8
ch130,Reverse,Best Fit,27648,1386,33,0.64
ch130,Reverse,Worst Fit,27648,1432,2043,5.570
ch130,Swap,First Fit,29566,4602,376,0.33
ch130,Swap,Best Fit,29566,5128,133,0.361
ch130,Swap,Worst Fit,29566,3990,5042,19.926
ch130,Insert,First Fit,29566,2342,381,0.21
ch130,Insert,Best Fit,29566,2350,76,0.159
ch130,Insert,Worst Fit,29566,2020,5725,21.657
ch130,Reverse,First Fit,29566,1404,334,0.7
ch130,Reverse,Best Fit,29566,1384,26,0.52
ch130,Reverse,Worst Fit,29566,1384,2170,6.50
ch130,Swap,First Fit,30838,5440,373,0.29
ch130,Swap,Best Fit,30838,4584,132,0.370
ch130,Swap,Worst Fit,30838,4768,5139,21.129
ch130,Insert,First Fit,30838,2114,395,0.14
ch130,Insert,Best Fit,30838,2632,67,0.142
ch130,Insert,Worst Fit,30838,3008,5811,23.786
ch130,Reverse,First Fit,30838,1384,378,0.8
ch130,Reverse,Best Fit,30838,1384,22,0.45
ch130,Reverse,Worst Fit,30838,1384,2230,6.305
ch130,Swap,First Fit,28066,4002,389,0.36
ch130,Swap,Best Fit,28066,5372,127,0.343
ch130,Swap,Worst Fit,28066,5322,4646,18.112
ch130,Insert,First Fit,28066,2656,366,0.18
ch130,Insert,Best Fit,28066,2422,86,0.179
ch130,Insert,Worst Fit,28066,2108,5558,20.806
ch130,Reverse,First Fit,28066,1384,338,0.7
ch130,Reverse,Best Fit,28066,1384,28,0.55
ch130,Reverse,Worst Fit,28066,1384,2052,5.600
ch130,Swap,First Fit,30708,4580,420,0.35
ch130,Swap,Best Fit,30708,6420,103,0.291
ch130,Swap,Worst Fit,30708,4050,5282,21.497
ch130,Insert,First Fit,30708,1560,459,0.19
ch130,Insert,Best Fit,30708,4686,61,0.131
ch130,Insert,Worst Fit,30708,1882,6071,24.233
ch130,Reverse,First Fit,30708,1384,368,0.8
ch130,Reverse,Best Fit,30708,1384,48,0.92
ch130,Reverse,Worst Fit,30708,1384,2237,6.291
ch130,Swap,First Fit,32320,5260,338,0.31
ch130,Swap,Best Fit,32320,6684,118,0.332
ch130,Swap,Worst Fit,32320,4672,5537,23.627
ch130,Insert,First Fit,32320,2646,385,0.16
ch130,Insert,Best Fit,32320,3026,93,0.194
ch130,Insert,Worst Fit,32320,1952,6267,25.912
ch130,Reverse,First Fit,32320,1384,373,0.7
ch130,Reverse,Best Fit,32320,1384,32,0.63
ch130,Reverse,Worst Fit,32320,1384,2373,7.112
ch130,Swap,First Fit,30494,5624,368,0.32
ch130,Swap,Best Fit,30494,6018,148,0.402
ch130,Swap,Worst Fit,30494,4664,5030,20.605
ch130,Insert,First Fit,30494,2372,390,0.13
ch130,Insert,Best Fit,30494,3376,63,0.133
ch130,Insert,Worst Fit,30494,1812,6210,24.126
ch130,Reverse,First Fit,30494,1384,355,0.7
ch130,Reverse,Best Fit,30494,1384,44,0.84
ch130,Reverse,Worst Fit,30494,1384,2231,6.394
ch130,Swap,First Fit,29522,4402,342,0.29
ch130,Swap,Best Fit,29522,5078,126,0.351
ch130,Swap,Worst Fit,29522,4292,4871,19.553
ch130,Insert,First Fit,29522,1636,385,0.17
ch130,Insert,Best Fit,29522,2716,86,0.180
ch130,Insert,Worst Fit,29522,1704,5953,23.11
ch130,Reverse,First Fit,29522,1384,350,0.7
ch130,Reverse,Best Fit,29522,1384,32,0.62
ch130,Reverse,Worst Fit,29522,1384,2146,5.973
ch150,Swap,First Fit,39208,6564,456,0.46
ch150,Swap,Best Fit,39208,4952,180,0.688
ch150,Swap,Worst Fit,39208,4686,7609,47.418
ch150,Insert,First Fit,39208,39208,0,0.12
ch150,Insert,Best Fit,39208,39208,0,0.16
ch150,Insert,Worst Fit,39208,39208,0,0.12
ch150,Reverse,First Fit,39208,39208,0,0.8
ch150,Reverse,Best Fit,39208,39208,0,0.8
ch150,Reverse,Worst Fit,39208,39208,0,0.8
ch150,Insert,First Fit,38860,2052,469,0.27
ch150,Insert,Best Fit,38860,3338,205,0.736
ch150,Insert,Worst Fit,38860,1782,8876,55.562
ch150,Swap,First Fit,38860,38860,0,0.12
ch150,Swap,Best Fit,38860,38860,0,0.12
ch150,Swap,Worst Fit,38860,38860,0,0.12
ch150,Reverse,First Fit,38860,38860,0,0.8
ch150,Reverse,Best Fit,38860,38860,0,0.8
ch150,Reverse,Worst Fit,38860,38860,0,0.8
ch150,Reverse,First Fit,34794,1374,394,0.11
ch150,Reverse,Best Fit,34794,1374,135,0.392
ch150,Reverse,Worst Fit,34794,1434,2717,10.325
ch150,Insert,First Fit,34794,34794,0,0.10
ch150,Insert,Best Fit,34794,34794,0,0.10
ch150,Insert,Worst Fit,34794,34794,0,0.11
ch150,Swap,First Fit,34794,34794,0,0.10
ch150,Swap,Best Fit,34794,34794,0,0.10
ch150,Swap,Worst Fit,34794,34794,0,0.12
ch150,Swap,First Fit,38540,8384,418,0.44
ch150,Swap,Best Fit,38540,7194,153,0.586
ch150,Swap,Worst Fit,38540,3310,7772,46.89
ch150,Insert,First Fit,38540,3262,413,0.17
ch150,Insert,Best Fit,38540,3280,119,0.330
ch150,Insert,Worst Fit,38540,2170,8832,54.49
ch150,Reverse,First Fit,38540,1374,439,0.13
ch150,Reverse,Best Fit,38540,1374,33,0.86
ch150,Reverse,Worst Fit,38540,1374,2984,12.0
ch150,Swap,First Fit,36914,4634,431,0.47
ch150,Swap,Best Fit,36914,6320,134,0.519
ch150,Swap,Worst Fit,36914,3900,7221,41.938
ch150,Insert,First Fit,36914,2310,455,0.25
ch150,Insert,Best Fit,36914,4162,61,0.175
ch150,Insert,Worst Fit,36914,2050,8127,47.360
ch150,Reverse,First Fit,36914,1374,421,0.10
ch150,Reverse,Best Fit,36914,1374,52,0.131
ch150,Reverse,Worst Fit,36914,1374,2878,11.312
ch150,Swap,First Fit,36604,5698,441,0.37
ch150,Swap,Best Fit,36604,6174,137,0.520
ch150,Swap,Worst Fit,36604,4674,7078,41.75
ch150,Insert,First Fit,36604,2788,471,0.31
ch150,Insert,Best Fit,36604,4104,72,0.202
ch150,Insert,Worst Fit,36604,1386,8504,48.984
ch150,Reverse,First Fit,36604,1374,427,0.10
ch150,Reverse,Best Fit,36604,1374,53,0.133
ch150,Reverse,Worst Fit,36604,1374,2882,11.280
ch150,Swap,First Fit,33100,4866,470,0.51
ch150,Swap,Best Fit,33100,6052,154,0.562
ch150,Swap,Worst Fit,33100,4384,6266,34.656
ch150,Insert,First Fit,33100,2574,418,0.24
ch150,Insert,Best Fit,33100,2950,87,0.250
ch150,Insert,Worst Fit,33100,2126,7715,41.960
ch150,Reverse,First Fit,33100,1374,409,0.12
ch150,Reverse,Best Fit,33100,1374,31,0.86
ch150,Reverse,Worst Fit,33100,1374,2569,9.625
ch150,Swap,First Fit,36872,6964,402,0.46
ch150,Swap,Best Fit,36872,6226,158,0.611
ch150,Swap,Worst Fit,36872,4748,7186,43.71
ch150,Insert,First Fit,36872,1558,483,0.26
ch150,Insert,Best Fit,36872,5116,35,0.107
ch150,Insert,Worst Fit,36872,2142,8361,50.301
ch150,Reverse,First Fit,36872,1374,438,0.14
ch150,Reverse,Best Fit,36872,1376,53,0.135
ch150,Reverse,Worst Fit,36872,1374,2861,11.413
ch150,Swap,First Fit,36582,5870,473,0.51
ch150,Swap,Best Fit,36582,6592,167,0.661
ch150,Swap,Worst Fit,36582,3724,7388,44.762
ch150,Insert,First Fit,36582,2408,482,0.32
ch150,Insert,Best Fit,36582,3888,74,0.218
ch150,Insert,Worst Fit,36582,2128,8464,51.612
ch150,Reverse,First Fit,36582,1374,426,0.10
ch150,Reverse,Best Fit,36582,1374,41,0.132
ch150,Reverse,Worst Fit,36582,1426,2826,11.275
ch150,Swap,First Fit,37174,5998,436,0.60
ch150,Swap,Best Fit,37174,8394,136,0.650
ch150,Swap,Worst Fit,37174,4752,7224,44.877
ch150,Insert,First Fit,37174,2830,422,0.18
ch150,Insert,Best Fit,37174,3324,95,0.286
ch150,Insert,Worst Fit,37174,1686,8951,54.888
ch150,Reverse,First Fit,37174,1374,435,0.12
ch150,Reverse,Best Fit,37174,1374,49,0.126
ch150,Reverse,Worst Fit,37174,1374,2902,12.375
ch150,Swap,First Fit,36670,6514,441,0.43
ch150,Swap,Best Fit,36670,5190,180,0.659
ch150,Swap,Worst Fit,36670,3808,7339,42.48
ch150,Insert,First Fit,36670,2032,504,0.20
ch150,Insert,Best Fit,36670,3152,81,0.226
ch150,Insert,Worst Fit,36670,2472,8340,47.965
ch150,Reverse,First Fit,36670,1374,434,0.11
ch150,Reverse,Best Fit,36670,1374,34,0.87
ch150,Reverse,Worst Fit,36670,1374,2852,11.198
ch150,Swap,First Fit,39232,6392,486,0.48
ch150,Swap,Best Fit,39232,7748,135,0.543
ch150,Swap,Worst Fit,39232,4652,7683,46.813
ch150,Insert,First Fit,39232,1940,473,0.24
ch150,Insert,Best Fit,39232,4450,75,0.212
ch150,Insert,Worst Fit,39232,1846,8911,54.477
ch150,Reverse,First Fit,39232,1374,450,0.11
ch150,Reverse,Best Fit,39232,1374,49,0.125
ch150,Reverse,Worst Fit,39232,1374,3005,12.66
ch150,Swap,First Fit,36778,5450,471,0.50
ch150,Swap,Best Fit,36778,5884,176,0.644
ch150,Swap,Worst Fit,36778,2980,7621,43.296
ch150,Insert,First Fit,36778,2158,446,0.18
ch150,Insert,Best Fit,36778,2218,103,0.287
ch150,Insert,Worst Fit,36778,1912,8387,48.74
ch150,Reverse,First Fit,36778,1374,450,0.10
ch150,Reverse,Best Fit,36778,1376,23,0.61
ch150,Reverse,Worst Fit,36778,1382,2831,11.189
ch150,Swap,First Fit,32886,5740,429,0.41
ch150,Swap,Best Fit,32886,6144,141,0.525
ch150,Swap,Worst Fit,32886,4816,6291,33.863
ch150,Insert,First Fit,32886,2336,451,0.22
ch150,Insert,Best Fit,32886,2716,85,0.237
ch150,Insert,Worst Fit,32886,2112,7483,41.108
ch150,Reverse,First Fit,32886,1374,415,0.11
ch150,Reverse,Best Fit,32886,1376,31,0.82
ch150,Reverse,Worst Fit,32886,1374,2537,9.601
ch150,Swap,First Fit,36202,7194,356,0.37
ch150,Swap,Best Fit,36202,7050,169,0.620
ch150,Swap,Worst Fit,36202,4086,7138,41.399
ch150,Insert,First Fit,36202,3134,441,0.20
ch150,Insert,Best Fit,36202,4262,67,0.191
ch150,Insert,Worst Fit,36202,1686,8402,49.7
ch150,Reverse,First Fit,36202,1376,423,0.9
ch150,Reverse,Best Fit,36202,1374,52,0.130
ch150,Reverse,Worst Fit,36202,1426,2820,11.50
ch150,Swap,First Fit,32754,6864,416,0.42
ch150,Swap,Best Fit,32754,7024,151,0.570
ch150,Swap,Worst Fit,32754,4176,6243,33.839
ch150,Insert,First Fit,32754,3244,392,0.18
ch150,Insert,Best Fit,32754,4574,76,0.214
ch150,Insert,Worst Fit,32754,2152,7521,40.319
ch150,Reverse,First Fit,32754,1374,409,0.10
ch150,Reverse,Best Fit,32754,1376,54,0.135
ch150,Reverse,Worst Fit,32754,1374,2583,9.708
ch150,Swap,First Fit,34608,6026,470,0.57
ch150,Swap,Best Fit,34608,4610,155,0.567
ch150,Swap,Worst Fit,34608,4808,6623,37.667
ch150,Insert,First Fit,34608,1982,457,0.29
ch150,Insert,Best Fit,34608,3136,43,0.133
ch150,Insert,Worst Fit,34608,1938,7969,44.767
ch150,Reverse,First Fit,34608,1374,400,0.12
ch150,Reverse,Best Fit,34608,1374,35,0.89
ch150,Reverse,Worst Fit,34608,1374,2695,10.362
ch150,Swap,First Fit,36202,5602,482,0.56
ch150,Swap,Best Fit,36202,4736,163,0.596
ch150,Swap,Worst Fit,36202,3644,7357,43.919
ch150,Insert,First Fit,36202,3110,396,0.15
ch150,Insert,Best Fit,36202,3646,48,0.140
ch150,Insert,Worst Fit,36202,2166,8282,50.571
ch150,Reverse,First Fit,36202,1376,436,0.12
ch150,Reverse,Best Fit,36202,1374,54,0.136
ch150,Reverse,Worst Fit,36202,1374,2802,11.307
ch150,Swap,First Fit,31630,6498,476,0.58
ch150,Swap,Best Fit,31630,3806,197,0.712
ch150,Swap,Worst Fit,31630,3710,6046,32.560
ch150,Insert,First Fit,31630,2302,452,0.24
ch150,Insert,Best Fit,31630,3594,21,0.67
ch150,Insert,Worst Fit,31630,2280,7221,38.419
ch150,Reverse,First Fit,31630,1374,410,0.10
ch150,Reverse,Best Fit,31630,1374,42,0.106
ch150,Reverse,Worst Fit,31630,1460,2433,8.998
ch150,Swap,First Fit,35066,8090,357,0.42
ch150,Swap,Best Fit,35066,7710,145,0.550
ch150,Swap,Worst Fit,35066,4336,6769,38.894
ch150,Insert,First Fit,35066,2390,432,0.22
ch150,Insert,Best Fit,35066,3850,101,0.281
ch150,Insert,Worst Fit,35066,2050,8085,46.383
ch150,Reverse,First Fit,35066,1386,425,0.9
ch150,Reverse,Best Fit,35066,1374,46,0.116
ch150,Reverse,Worst Fit,35066,1374,2704,10.413
ch150,Swap,First Fit,39696,7076,423,0.33
ch150,Swap,Best Fit,39696,6750,135,0.525
ch150,Swap,Worst Fit,39696,3370,7966,47.860
ch150,Insert,First Fit,39696,2972,413,0.19
ch150,Insert,Best Fit,39696,3378,105,0.295
ch150,Insert,Worst Fit,39696,2446,8991,54.779
ch150,Reverse,First Fit,39696,1374,442,0.10
ch150,Reverse,Best Fit,39696,1374,39,0.100
ch150,Reverse,Worst Fit,39696,1374,3039,12.431
ch150,Swap,First Fit,35958,5998,420,0.40
ch150,Swap,Best Fit,35958,6886,169,0.622
ch150,Swap,Worst Fit,35958,3156,7299,41.218
ch150,Insert,First Fit,35958,2552,477,0.20
ch150,Insert,Best Fit,35958,3194,97,0.272
ch150,Insert,Worst Fit,35958,2170,8421,48.863
ch150,Reverse,First Fit,35958,1374,440,0.10
ch150,Reverse,Best Fit,35958,1374,42,0.106
ch150,Reverse,Worst Fit,35958,1374,2793,10.856
ch150,Swap,First Fit,31928,6192,415,0.46
ch150,Swap,Best Fit,31928,6708,120,0.464
ch150,Swap,Worst Fit,31928,5808,5846,31.616
ch150,Insert,First Fit,31928,3220,412,0.15
ch150,Insert,Best Fit,31928,3004,109,0.299
ch150,Insert,Worst Fit,31928,2166,7307,38.742
ch150,Reverse,First Fit,31928,1374,418,0.10
ch150,Reverse,Best Fit,31928,1374,46,0.115
ch150,Reverse,Worst Fit,31928,1374,2519,9.411
ch150,Swap,First Fit,35196,5712,457,0.42
ch150,Swap,Best Fit,35196,6896,149,0.552
ch150,Swap,Worst Fit,35196,4380,6875,38.238
ch150,Insert,First Fit,35196,2684,389,0.16
ch150,Insert,Best Fit,35196,4222,83,0.232
ch150,Insert,Worst Fit,35196,2472,7805,46.890
ch150,Reverse,First Fit,35196,1374,410,0.10
ch150,Reverse,Best Fit,35196,1374,52,0.131
ch150,Reverse,Worst Fit,35196,1374,2698,10.382
ch150,Swap,First Fit,35656,6780,397,0.35
ch150,Swap,Best Fit,35656,6600,152,0.577
ch150,Swap,Worst Fit,35656,4156,6875,41.704
ch150,Insert,First Fit,35656,2042,484,0.28
ch150,Insert,Best Fit,35656,3704,62,0.178
ch150,Insert,Worst Fit,35656,2114,8187,46.38
ch150,Reverse,First Fit,35656,1374,449,0.10
ch150,Reverse,Best Fit,35656,1374,41,0.104
ch150,Reverse,Worst Fit,35656,1374,2823,11.61
ch150,Swap,First Fit,35090,6912,382,0.40
ch150,Swap,Best Fit,35090,7214,133,0.502
ch150,Swap,Worst Fit,35090,3318,7146,39.831
ch150,Insert,First Fit,35090,2194,470,0.22
ch150,Insert,Best Fit,35090,4032,86,0.241
ch150,Insert,Worst Fit,35090,2102,8053,44.309
ch150,Reverse,First Fit,35090,1374,413,0.10
ch150,Reverse,Best Fit,35090,1374,55,0.138
ch150,Reverse,Worst Fit,35090,1374,2743,10.573
ch150,Swap,First Fit,37238,5200,435,0.49
ch150,Swap,Best Fit,37238,6820,133,0.536
ch150,Swap,Worst Fit,37238,5714,7008,41.105
ch150,Insert,First Fit,37238,2248,474,0.17
ch150,Insert,Best Fit,37238,4176,88,0.248
ch150,Insert,Worst Fit,37238,1930,8572,49.307
ch150,Reverse,First Fit,37238,1378,449,0.9
ch150,Reverse,Best Fit,37238,1374,47,0.119
ch150,Reverse,Worst Fit,37238,1374,2862,11.264
ch150,Swap,First Fit,37742,6476,407,0.39
ch150,Swap,Best Fit,37742,6908,137,0.525
ch150,Swap,Worst Fit,37742,4922,7348,42.613
ch150,Insert,First Fit,37742,1834,474,0.25
ch150,Insert,Best Fit,37742,3214,105,0.294
ch150,Insert,Worst Fit,37742,1500,8730,50.759
ch150,Reverse,First Fit,37742,1374,428,0.10
ch150,Reverse,Best Fit,37742,1374,39,0.99
ch150,Reverse,Worst Fit,37742,1374,2928,11.668
