a280,Reverse,First Fit,35055,2980,1098,0.47
a280,Reverse,Best Fit,35055,2906,318,3.577
a280,Reverse,Worst Fit,35055,2999,30611,574.893
a280,Reverse,First Fit,32001,2845,1133,0.59
a280,Reverse,Best Fit,32001,2899,301,3.395
a280,Reverse,Worst Fit,32001,2881,27631,483.457
a280,Reverse,First Fit,34417,2947,1137,0.47
a280,Reverse,Best Fit,34417,2798,309,3.443
a280,Reverse,Worst Fit,34417,3105,29903,577.480
a280,Reverse,First Fit,33913,3044,1164,0.43
a280,Reverse,Best Fit,33913,2789,308,3.565
a280,Reverse,Worst Fit,33913,2954,29538,537.790
a280,Reverse,First Fit,34403,3033,1027,0.41
a280,Reverse,Best Fit,34403,2916,300,3.370
a280,Reverse,Worst Fit,34403,3152,29961,553.393
a280,Reverse,First Fit,34604,2963,1133,0.48
a280,Reverse,Best Fit,34604,2710,324,3.713
a280,Reverse,Worst Fit,34604,3117,30129,558.15
a280,Reverse,First Fit,32981,2896,1129,0.42
a280,Reverse,Best Fit,32981,2804,312,3.569
a280,Reverse,Worst Fit,32981,2976,28548,508.757
a280,Reverse,First Fit,34871,2941,1160,0.54
a280,Reverse,Best Fit,34871,2801,309,3.613
a280,Reverse,Worst Fit,34871,3008,30448,565.151
a280,Reverse,First Fit,33720,2966,1053,0.42
a280,Reverse,Best Fit,33720,2906,305,3.337
a280,Reverse,Worst Fit,33720,2976,29289,527.456
a280,Reverse,First Fit,32342,2930,1089,0.54
a280,Reverse,Best Fit,32342,2872,318,3.577
a280,Reverse,Worst Fit,32342,2924,27906,486.590
a280,Reverse,First Fit,34050,2812,1148,0.46
a280,Reverse,Best Fit,34050,2816,305,3.380
a280,Reverse,Worst Fit,34050,2998,29660,539.316
a280,Reverse,First Fit,34366,2951,1192,0.49
a280,Reverse,Best Fit,34366,2863,311,3.440
a280,Reverse,Worst Fit,34366,2995,29870,544.284
a280,Reverse,First Fit,34451,2968,1106,0.47
a280,Reverse,Best Fit,34451,2796,296,3.321
a280,Reverse,Worst Fit,34451,3042,30077,550.734
a280,Reverse,First Fit,34449,2949,1142,0.45
a280,Reverse,Best Fit,34449,2918,310,3.605
a280,Reverse,Worst Fit,34449,3006,30022,555.40
a280,Reverse,First Fit,33407,2923,1120,0.49
a280,Reverse,Best Fit,33407,2724,322,3.468
a280,Reverse,Worst Fit,33407,2904,29028,519.217
a280,Reverse,First Fit,34152,3031,1100,0.44
a280,Reverse,Best Fit,34152,2802,328,3.719
a280,Reverse,Worst Fit,34152,3041,29677,539.476
a280,Reverse,First Fit,32912,3011,1058,0.42
a280,Reverse,Best Fit,32912,2831,308,3.475
a280,Reverse,Worst Fit,32912,2994,28542,504.16
a280,Reverse,First Fit,34558,2938,1138,0.48
a280,Reverse,Best Fit,34558,2838,321,3.499
a280,Reverse,Worst Fit,34558,3035,30106,544.935
a280,Reverse,First Fit,32856,2947,1108,0.55
a280,Reverse,Best Fit,32856,2826,324,3.457
a280,Reverse,Worst Fit,32856,2954,28460,492.349
a280,Reverse,First Fit,35413,2988,1140,0.39
a280,Reverse,Best Fit,35413,2833,321,3.581
a280,Reverse,Worst Fit,35413,2903,30934,576.902
a280,Reverse,First Fit,33325,2940,1087,0.53
a280,Reverse,Best Fit,33325,2909,318,3.433
a280,Reverse,Worst Fit,33325,3127,28931,507.625
a280,Reverse,First Fit,34983,3017,1069,0.51
a280,Reverse,Best Fit,34983,2926,310,3.482
a280,Reverse,Worst Fit,34983,3050,30650,560.187
a280,Reverse,First Fit,34309,2898,1127,0.52
a280,Reverse,Best Fit,34309,2938,308,3.425
a280,Reverse,Worst Fit,34309,3012,29889,539.742
a280,Reverse,First Fit,33743,2927,1114,0.49
a280,Reverse,Best Fit,33743,2785,320,3.464
a280,Reverse,Worst Fit,33743,3106,29319,521.169
a280,Reverse,First Fit,34012,3019,1086,0.41
a280,Reverse,Best Fit,34012,2817,330,3.568
a280,Reverse,Worst Fit,34012,3004,29624,529.506
a280,Reverse,First Fit,33513,2938,1079,0.51
a280,Reverse,Best Fit,33513,2966,293,3.223
a280,Reverse,Worst Fit,33513,3035,29032,513.547
a280,Reverse,First Fit,33710,2875,1163,0.45
a280,Reverse,Best Fit,33710,2862,287,3.225
a280,Reverse,Worst Fit,33710,3037,29303,517.376
a280,Reverse,First Fit,33795,2961,1128,0.57
a280,Reverse,Best Fit,33795,2927,298,3.313
a280,Reverse,Worst Fit,33795,2994,29456,520.947
a280,Reverse,First Fit,36096,2993,1129,0.45
a280,Reverse,Best Fit,36096,2885,310,3.554
a280,Reverse,Worst Fit,36096,2992,31588,597.176
a280,Reverse,First Fit,34575,2934,1140,0.47
a280,Reverse,Best Fit,34575,2909,303,3.394
a280,Reverse,Worst Fit,34575,3138,30138,545.236
a280,Reverse,First Fit,34405,2942,1039,0.46
a280,Reverse,Best Fit,34405,2934,312,3.469
a280,Reverse,Worst Fit,34405,2980,29914,538.913
a280,Reverse,First Fit,32595,2960,1074,0.43
a280,Reverse,Best Fit,32595,2931,309,3.323
a280,Reverse,Worst Fit,32595,2954,28105,485.298
a280,Reverse,First Fit,33098,2962,1092,0.48
a280,Reverse,Best Fit,33098,2881,296,3.217
a280,Reverse,Worst Fit,33098,3116,28544,495.357
a280,Reverse,First Fit,31660,2933,1027,0.45
a280,Reverse,Best Fit,31660,2908,301,3.215
a280,Reverse,Worst Fit,31660,3061,27203,455.320
a280,Reverse,First Fit,34852,2908,1064,0.49
a280,Reverse,Best Fit,34852,2869,306,3.427
a280,Reverse,Worst Fit,34852,2969,30455,600.575
a280,Reverse,First Fit,34783,2893,1162,0.60
a280,Reverse,Best Fit,34783,2888,301,3.781
a280,Reverse,Worst Fit,34783,3028,30319,572.766
a280,Reverse,First Fit,32857,2994,1137,0.47
a280,Reverse,Best Fit,32857,2888,327,3.470
a280,Reverse,Worst Fit,32857,3010,28492,492.257
a280,Reverse,First Fit,33222,2977,1060,0.44
a280,Reverse,Best Fit,33222,2805,306,3.435
a280,Reverse,Worst Fit,33222,2973,28838,522.199
a280,Reverse,First Fit,33078,3072,1086,0.45
a280,Reverse,Best Fit,33078,2928,307,3.646
a280,Reverse,Worst Fit,33078,3021,28654,535.970
a280,Reverse,First Fit,34868,2931,1074,0.59
a280,Reverse,Best Fit,34868,2846,298,3.613
a280,Reverse,Worst Fit,34868,2994,30410,594.999
a280,Reverse,First Fit,34093,2982,1122,0.52
a280,Reverse,Best Fit,34093,2973,309,3.595
a280,Reverse,Worst Fit,34093,3033,29677,563.179
a280,Reverse,First Fit,32895,2982,1023,0.44
a280,Reverse,Best Fit,32895,2798,305,3.591
a280,Reverse,Worst Fit,32895,3008,28453,511.639
a280,Reverse,First Fit,34590,3016,1133,0.66
a280,Reverse,Best Fit,34590,2861,317,4.690
a280,Reverse,Worst Fit,34590,2924,30141,576.74
a280,Reverse,First Fit,33913,2926,1072,0.58
a280,Reverse,Best Fit,33913,2870,305,3.529
a280,Reverse,Worst Fit,33913,2943,29456,566.401
a280,Reverse,First Fit,36143,2918,1096,0.53
a280,Reverse,Best Fit,36143,2934,314,3.709
a280,Reverse,Worst Fit,36143,3005,31717,609.240
a280,Reverse,First Fit,32792,2967,1116,0.52
a280,Reverse,Best Fit,32792,2925,291,3.249
a280,Reverse,Worst Fit,32792,3081,28366,498.293
a280,Reverse,First Fit,34482,2934,1147,0.62
a280,Reverse,Best Fit,34482,2848,300,3.490
a280,Reverse,Worst Fit,34482,3086,30062,552.490
a280,Reverse,First Fit,34935,2895,1087,0.65
a280,Reverse,Best Fit,34935,2883,310,3.564
a280,Reverse,Worst Fit,34935,3020,30541,566.625
a280,Reverse,First Fit,34586,3014,1135,0.47
a280,Reverse,Best Fit,34586,2998,314,3.612
a280,Reverse,Worst Fit,34586,3028,30097,555.558
a280,Reverse,First Fit,33301,2917,1082,0.63
a280,Reverse,Best Fit,33301,2822,313,3.537
a280,Reverse,Worst Fit,33301,2996,28900,515.467
a280,Reverse,First Fit,31368,3032,964,0.52
a280,Reverse,Best Fit,31368,2861,293,3.242
a280,Reverse,Worst Fit,31368,3005,26937,456.443
a280,Reverse,First Fit,32742,3107,1056,0.50
a280,Reverse,Best Fit,32742,2864,301,3.463
a280,Reverse,Worst Fit,32742,2984,28386,499.398
a280,Reverse,First Fit,34387,2957,1106,0.70
a280,Reverse,Best Fit,34387,2989,294,3.403
a280,Reverse,Worst Fit,34387,2931,29969,582.394
a280,Reverse,First Fit,34395,2794,1104,0.61
a280,Reverse,Best Fit,34395,2863,309,3.538
a280,Reverse,Worst Fit,34395,3070,30052,552.371
a280,Reverse,First Fit,34562,2990,1130,0.48
a280,Reverse,Best Fit,34562,2878,321,3.726
a280,Reverse,Worst Fit,34562,3025,30142,560.463
a280,Reverse,First Fit,34328,3008,1124,0.66
a280,Reverse,Best Fit,34328,2941,306,3.656
a280,Reverse,Worst Fit,34328,2979,29847,549.773
a280,Reverse,First Fit,33477,3019,1063,0.47
a280,Reverse,Best Fit,33477,2907,312,3.574
a280,Reverse,Worst Fit,33477,2955,29117,524.450
a280,Reverse,First Fit,34171,3016,1092,0.52
a280,Reverse,Best Fit,34171,2826,309,3.689
a280,Reverse,Worst Fit,34171,2938,29823,545.487
a280,Reverse,First Fit,34541,2888,1139,0.54
a280,Reverse,Best Fit,34541,2890,312,3.602
a280,Reverse,Worst Fit,34541,2948,30209,559.566
a280,Reverse,First Fit,35030,3092,1067,0.53
a280,Reverse,Best Fit,35030,2852,306,3.661
a280,Reverse,Worst Fit,35030,2936,30685,572.682
a280,Reverse,First Fit,33325,2952,1152,0.48
a280,Reverse,Best Fit,33325,2791,301,3.387
a280,Reverse,Worst Fit,33325,3005,28976,517.877
a280,Reverse,First Fit,33602,2880,1132,0.54
a280,Reverse,Best Fit,33602,2822,316,3.567
a280,Reverse,Worst Fit,33602,2967,29326,527.924
a280,Reverse,First Fit,34158,2929,1069,0.43
a280,Reverse,Best Fit,34158,2827,307,3.384
a280,Reverse,Worst Fit,34158,3057,29777,537.305
a280,Reverse,First Fit,33510,3013,1087,0.46
a280,Reverse,Best Fit,33510,2859,310,3.496
a280,Reverse,Worst Fit,33510,3029,28989,520.31
a280,Reverse,First Fit,34049,3024,1094,0.48
a280,Reverse,Best Fit,34049,2872,295,3.272
a280,Reverse,Worst Fit,34049,2965,29552,535.386
a280,Reverse,First Fit,34522,2998,1142,0.48
a280,Reverse,Best Fit,34522,2858,325,3.590
a280,Reverse,Worst Fit,34522,2999,30058,551.835
a280,Reverse,First Fit,33483,3006,1116,0.43
a280,Reverse,Best Fit,33483,2920,300,3.330
a280,Reverse,Worst Fit,33483,3038,28992,519.469
a280,Reverse,First Fit,33070,2977,1096,0.59
a280,Reverse,Best Fit,33070,2897,305,3.517
a280,Reverse,Worst Fit,33070,2961,28735,509.915
a280,Reverse,First Fit,34677,2918,1141,0.52
a280,Reverse,Best Fit,34677,2846,307,3.663
a280,Reverse,Worst Fit,34677,3048,30151,570.363
a280,Reverse,First Fit,36601,2938,1152,0.58
a280,Reverse,Best Fit,36601,2860,305,3.650
a280,Reverse,Worst Fit,36601,2839,32289,637.195
a280,Reverse,First Fit,36006,2925,1105,0.55
a280,Reverse,Best Fit,36006,2893,316,3.782
a280,Reverse,Worst Fit,36006,2960,31601,667.401
ali535,Reverse,First Fit,13302,208,1331,0.166
ali535,Reverse,Best Fit,13302,214,394,23.506
ali535,Reverse,Worst Fit,13302,208,6383,463.39
ali535,Reverse,First Fit,13606,208,1305,0.133
ali535,Reverse,Best Fit,13606,208,414,22.986
ali535,Reverse,Worst Fit,13606,208,6533,453.25
ali535,Reverse,First Fit,13166,208,1301,0.155
ali535,Reverse,Best Fit,13166,208,396,21.871
ali535,Reverse,Worst Fit,13166,208,6330,429.649
ali535,Reverse,First Fit,13080,208,1288,0.137
ali535,Reverse,Best Fit,13080,208,410,22.299
ali535,Reverse,Worst Fit,13080,208,6280,424.558
ali535,Reverse,First Fit,13376,208,1335,0.127
ali535,Reverse,Best Fit,13376,208,406,22.558
ali535,Reverse,Worst Fit,13376,208,6413,439.145
ali535,Reverse,First Fit,12798,208,1277,0.142
ali535,Reverse,Best Fit,12798,208,402,22.200
ali535,Reverse,Worst Fit,12798,208,6145,411.584
ali535,Reverse,First Fit,13476,208,1364,0.133
ali535,Reverse,Best Fit,13476,208,401,22.252
ali535,Reverse,Worst Fit,13476,208,6479,443.51
ali535,Reverse,First Fit,12982,208,1329,0.136
ali535,Reverse,Best Fit,12982,208,397,21.900
ali535,Reverse,Worst Fit,12982,208,6242,423.576
ali535,Reverse,First Fit,13822,208,1322,0.175
ali535,Reverse,Best Fit,13822,208,396,22.273
ali535,Reverse,Worst Fit,13822,212,6632,463.688
ali535,Reverse,First Fit,12728,208,1365,0.155
ali535,Reverse,Best Fit,12728,210,407,22.130
ali535,Reverse,Worst Fit,12728,208,6107,408.139
ali535,Reverse,First Fit,13660,208,1344,0.137
ali535,Reverse,Best Fit,13660,208,409,22.994
ali535,Reverse,Worst Fit,13660,208,6570,454.919
ali535,Reverse,First Fit,13412,208,1322,0.143
ali535,Reverse,Best Fit,13412,208,398,22.198
ali535,Reverse,Worst Fit,13412,208,6449,443.511
ali535,Reverse,First Fit,13328,208,1304,0.159
ali535,Reverse,Best Fit,13328,208,403,22.611
ali535,Reverse,Worst Fit,13328,208,6400,441.794
ali535,Reverse,First Fit,13162,208,1312,0.152
ali535,Reverse,Best Fit,13162,208,408,22.689
ali535,Reverse,Worst Fit,13162,208,6317,428.937
ali535,Reverse,First Fit,13286,208,1320,0.149
ali535,Reverse,Best Fit,13286,208,412,22.975
ali535,Reverse,Worst Fit,13286,208,6383,445.656
ali535,Reverse,First Fit,13152,208,1342,0.131
ali535,Reverse,Best Fit,13152,208,392,21.964
ali535,Reverse,Worst Fit,13152,208,6314,430.968
ali535,Reverse,First Fit,13540,208,1358,0.172
ali535,Reverse,Best Fit,13540,208,403,22.466
ali535,Reverse,Worst Fit,13540,208,6507,449.286
ali535,Reverse,First Fit,13258,208,1324,0.159
ali535,Reverse,Best Fit,13258,210,401,22.82
ali535,Reverse,Worst Fit,13258,208,6351,427.472
ali535,Reverse,First Fit,13150,208,1282,0.150
ali535,Reverse,Best Fit,13150,208,409,23.82
ali535,Reverse,Worst Fit,13150,208,6321,440.746
ali535,Reverse,First Fit,12942,208,1294,0.146
ali535,Reverse,Best Fit,12942,208,395,21.636
ali535,Reverse,Worst Fit,12942,208,6205,409.820
ali535,Reverse,First Fit,13502,208,1322,0.121
ali535,Reverse,Best Fit,13502,208,409,22.710
ali535,Reverse,Worst Fit,13502,208,6492,465.63
ali535,Reverse,First Fit,12898,208,1294,0.138
ali535,Reverse,Best Fit,12898,208,398,23.150
ali535,Reverse,Worst Fit,12898,208,6204,437.485
ali535,Reverse,First Fit,13476,208,1355,0.126
ali535,Reverse,Best Fit,13476,208,391,23.17
ali535,Reverse,Worst Fit,13476,208,6485,461.304
ali535,Reverse,First Fit,12944,208,1328,0.181
ali535,Reverse,Best Fit,12944,208,401,23.370
ali535,Reverse,Worst Fit,12944,208,6212,468.584
att48,Reverse,First Fit,158491,33851,125,0.18
att48,Reverse,Best Fit,158491,35103,45,0.17
att48,Reverse,Worst Fit,158491,34854,5038,1.954
att48,Reverse,First Fit,145737,36683,119,0.1
att48,Reverse,Best Fit,145737,34514,42,0.12
att48,Reverse,Worst Fit,145737,35483,4515,1.552
att48,Reverse,First Fit,151459,34516,128,0.0
att48,Reverse,Best Fit,151459,34237,41,0.12
att48,Reverse,Worst Fit,151459,37422,5088,1.749
att48,Reverse,First Fit,144947,36278,99,0.1
att48,Reverse,Best Fit,144947,35021,38,0.10
att48,Reverse,Worst Fit,144947,35618,4137,1.374
att48,Reverse,First Fit,148567,36051,123,0.1
att48,Reverse,Best Fit,148567,34773,48,0.12
att48,Reverse,Worst Fit,148567,35360,4636,1.530
att48,Reverse,First Fit,155007,35199,120,0.1
att48,Reverse,Best Fit,155007,35287,41,0.11
att48,Reverse,Worst Fit,155007,36014,4868,1.682
att48,Reverse,First Fit,152484,35125,133,0.1
att48,Reverse,Best Fit,152484,38357,41,0.11
att48,Reverse,Worst Fit,152484,34567,4648,1.551
att48,Reverse,First Fit,161204,34522,132,0.1
att48,Reverse,Best Fit,161204,34166,39,0.11
att48,Reverse,Worst Fit,161204,36833,5489,1.889
att48,Reverse,First Fit,164852,36852,148,0.1
att48,Reverse,Best Fit,164852,34541,45,0.13
att48,Reverse,Worst Fit,164852,33809,5723,2.26
att48,Reverse,First Fit,167089,35377,138,0.1
att48,Reverse,Best Fit,167089,34373,45,0.13
att48,Reverse,Worst Fit,167089,35705,5765,2.21
att48,Reverse,First Fit,167159,34564,122,0.1
att48,Reverse,Best Fit,167159,35252,47,0.13
att48,Reverse,Worst Fit,167159,35076,6223,2.186
att48,Reverse,First Fit,141072,34873,129,0.1
att48,Reverse,Best Fit,141072,34810,41,0.11
att48,Reverse,Worst Fit,141072,36597,4015,1.358
att48,Reverse,First Fit,164202,35697,119,0.1
att48,Reverse,Best Fit,164202,34632,42,0.11
att48,Reverse,Worst Fit,164202,35579,5826,2.48
att48,Reverse,First Fit,165396,34791,137,0.1
att48,Reverse,Best Fit,165396,34498,45,0.12
att48,Reverse,Worst Fit,165396,36375,5917,2.35
att48,Reverse,First Fit,166967,34506,133,0.1
att48,Reverse,Best Fit,166967,35700,46,0.12
att48,Reverse,Worst Fit,166967,34761,6109,2.113
att48,Reverse,First Fit,162176,33934,130,0.1
att48,Reverse,Best Fit,162176,34786,45,0.13
att48,Reverse,Worst Fit,162176,35574,5512,1.882
att48,Reverse,First Fit,137984,35415,93,0.1
att48,Reverse,Best Fit,137984,35029,40,0.11
att48,Reverse,Worst Fit,137984,37057,3895,1.242
att48,Reverse,First Fit,174493,34124,153,0.1
att48,Reverse,Best Fit,174493,34560,42,0.12
att48,Reverse,Worst Fit,174493,34689,7142,2.600
att48,Reverse,First Fit,178443,35981,142,0.3
att48,Reverse,Best Fit,178443,34618,46,0.19
att48,Reverse,Worst Fit,178443,34534,6737,2.422
att48,Reverse,First Fit,156172,34926,128,0.1
att48,Reverse,Best Fit,156172,34869,44,0.12
att48,Reverse,Worst Fit,156172,35245,5151,1.767
att48,Reverse,First Fit,167389,34791,144,0.1
att48,Reverse,Best Fit,167389,35111,48,0.13
att48,Reverse,Worst Fit,167389,36747,6208,2.168
att48,Reverse,First Fit,145562,35292,134,0.1
att48,Reverse,Best Fit,145562,35160,49,0.13
att48,Reverse,Worst Fit,145562,35288,4083,1.315
att48,Reverse,First Fit,169682,35864,136,0.1
att48,Reverse,Best Fit,169682,35324,43,0.12
att48,Reverse,Worst Fit,169682,34266,6042,2.115
att48,Reverse,First Fit,163721,35322,125,0.0
att48,Reverse,Best Fit,163721,36607,45,0.12
att48,Reverse,Worst Fit,163721,35669,5622,1.938
att48,Reverse,First Fit,158588,36801,137,0.1
att48,Reverse,Best Fit,158588,34599,47,0.13
att48,Reverse,Worst Fit,158588,35417,5546,1.931
att48,Reverse,First Fit,131565,35857,131,0.1
att48,Reverse,Best Fit,131565,35655,44,0.12
att48,Reverse,Worst Fit,131565,34559,3794,1.210
att48,Reverse,First Fit,140458,36010,128,0.0
att48,Reverse,Best Fit,140458,35072,42,0.11
att48,Reverse,Worst Fit,140458,35910,3943,1.267
att48,Reverse,First Fit,155845,34735,126,0.1
att48,Reverse,Best Fit,155845,34742,44,0.12
att48,Reverse,Worst Fit,155845,34228,4784,1.591
att48,Reverse,First Fit,143278,35936,127,0.1
att48,Reverse,Best Fit,143278,36136,44,0.12
att48,Reverse,Worst Fit,143278,34808,4268,1.390
att48,Reverse,First Fit,161868,34905,133,0.1
att48,Reverse,Best Fit,161868,35446,44,0.12
att48,Reverse,Worst Fit,161868,34705,5522,1.873
att48,Reverse,First Fit,153686,36386,126,0.0
att48,Reverse,Best Fit,153686,34658,43,0.12
att48,Reverse,Worst Fit,153686,34573,4930,1.611
att48,Reverse,First Fit,165124,35162,144,0.1
att48,Reverse,Best Fit,165124,34044,50,0.14
att48,Reverse,Worst Fit,165124,37353,6463,2.247
att48,Reverse,First Fit,156386,35116,141,0.1
att48,Reverse,Best Fit,156386,34615,43,0.12
att48,Reverse,Worst Fit,156386,35215,5403,1.823
att48,Reverse,First Fit,160770,34429,131,0.1
att48,Reverse,Best Fit,160770,35772,44,0.12
att48,Reverse,Worst Fit,160770,36653,5343,1.830
att48,Reverse,First Fit,158801,36445,112,0.1
att48,Reverse,Best Fit,158801,35201,45,0.12
att48,Reverse,Worst Fit,158801,34475,5437,1.833
att48,Reverse,First Fit,152260,35252,117,0.1
att48,Reverse,Best Fit,152260,35636,40,0.11
att48,Reverse,Worst Fit,152260,35334,4702,1.531
att48,Reverse,First Fit,167179,36552,147,0.1
att48,Reverse,Best Fit,167179,35032,44,0.13
att48,Reverse,Worst Fit,167179,38100,5803,2.91
att48,Reverse,First Fit,161595,35664,135,0.1
att48,Reverse,Best Fit,161595,34126,45,0.12
att48,Reverse,Worst Fit,161595,39503,6021,2.169
att48,Reverse,First Fit,174507,35649,145,0.1
att48,Reverse,Best Fit,174507,35194,47,0.21
att48,Reverse,Worst Fit,174507,35478,6730,2.570
att48,Reverse,First Fit,161202,35170,123,0.1
att48,Reverse,Best Fit,161202,35395,41,0.12
att48,Reverse,Worst Fit,161202,36423,5260,1.959
att48,Reverse,First Fit,140444,36610,105,0.1
att48,Reverse,Best Fit,140444,34092,45,0.13
att48,Reverse,Worst Fit,140444,36214,3831,1.333
att48,Reverse,First Fit,161890,35114,138,0.1
att48,Reverse,Best Fit,161890,34042,44,0.13
att48,Reverse,Worst Fit,161890,35426,5333,2.1
att48,Reverse,First Fit,156384,33854,131,0.1
att48,Reverse,Best Fit,156384,34628,49,0.14
att48,Reverse,Worst Fit,156384,35760,5005,1.811
att48,Reverse,First Fit,152834,35614,121,0.1
att48,Reverse,Best Fit,152834,34819,47,0.13
att48,Reverse,Worst Fit,152834,34650,4881,1.809
att48,Reverse,First Fit,160452,34875,149,0.1
att48,Reverse,Best Fit,160452,34981,47,0.14
att48,Reverse,Worst Fit,160452,34538,5290,1.936
att48,Reverse,First Fit,145176,35113,140,0.1
att48,Reverse,Best Fit,145176,35369,47,0.13
att48,Reverse,Worst Fit,145176,35988,4383,1.541
att48,Reverse,First Fit,185964,35454,144,0.1
att48,Reverse,Best Fit,185964,34959,43,0.13
att48,Reverse,Worst Fit,185964,34157,7518,3.43
att48,Reverse,First Fit,145284,35190,119,0.1
att48,Reverse,Best Fit,145284,35915,42,0.13
att48,Reverse,Worst Fit,145284,35414,4018,1.419
att48,Reverse,First Fit,163886,34926,144,0.1
att48,Reverse,Best Fit,163886,34642,42,0.13
att48,Reverse,Worst Fit,163886,34907,5914,2.212
att48,Reverse,First Fit,159232,35157,121,0.1
att48,Reverse,Best Fit,159232,34361,47,0.13
att48,Reverse,Worst Fit,159232,34490,5342,1.952
att48,Reverse,First Fit,164259,35953,155,0.1
att48,Reverse,Best Fit,164259,35629,40,0.12
att48,Reverse,Worst Fit,164259,35396,5724,2.132
att48,Reverse,First Fit,149575,35710,121,0.1
att48,Reverse,Best Fit,149575,34921,46,0.13
att48,Reverse,Worst Fit,149575,35944,4699,1.710
att48,Reverse,First Fit,160784,35999,121,0.1
att48,Reverse,Best Fit,160784,35801,43,0.12
att48,Reverse,Worst Fit,160784,36078,5636,2.126
att48,Reverse,First Fit,138802,34950,117,0.1
att48,Reverse,Best Fit,138802,35643,37,0.11
att48,Reverse,Worst Fit,138802,35807,4009,1.422
att48,Reverse,First Fit,161021,36070,122,0.1
att48,Reverse,Best Fit,161021,36002,41,0.12
att48,Reverse,Worst Fit,161021,34364,5351,1.988
att48,Reverse,First Fit,147018,35519,108,0.2
att48,Reverse,Best Fit,147018,34254,47,0.13
att48,Reverse,Worst Fit,147018,38537,4249,1.508
att48,Reverse,First Fit,168764,34813,92,0.1
att48,Reverse,Best Fit,168764,36071,40,0.12
att48,Reverse,Worst Fit,168764,35421,6320,2.450
att48,Reverse,First Fit,138466,36448,121,0.1
att48,Reverse,Best Fit,138466,35168,42,0.12
att48,Reverse,Worst Fit,138466,34740,3944,1.434
att48,Reverse,First Fit,161135,35314,103,0.1
att48,Reverse,Best Fit,161135,35084,44,0.13
att48,Reverse,Worst Fit,161135,35518,5550,2.41
att48,Reverse,First Fit,161236,36146,118,0.1
att48,Reverse,Best Fit,161236,35354,41,0.13
att48,Reverse,Worst Fit,161236,34596,5579,2.102
att48,Reverse,First Fit,147356,36406,110,0.1
att48,Reverse,Best Fit,147356,35438,49,0.14
att48,Reverse,Worst Fit,147356,34799,4465,1.598
att48,Reverse,First Fit,155291,35049,135,0.1
att48,Reverse,Best Fit,155291,36004,41,0.12
att48,Reverse,Worst Fit,155291,34599,4953,1.671
att48,Reverse,First Fit,153172,35920,122,0.1
att48,Reverse,Best Fit,153172,35728,41,0.11
att48,Reverse,Worst Fit,153172,36034,5015,1.685
att48,Reverse,First Fit,140661,37462,134,0.1
att48,Reverse,Best Fit,140661,35440,40,0.11
att48,Reverse,Worst Fit,140661,35150,3916,1.278
att48,Reverse,First Fit,162857,35873,125,0.1
att48,Reverse,Best Fit,162857,35015,41,0.12
att48,Reverse,Worst Fit,162857,34480,5806,2.10
att48,Reverse,First Fit,157104,35416,131,0.1
att48,Reverse,Best Fit,157104,34742,42,0.11
att48,Reverse,Worst Fit,157104,35146,5455,1.890
att48,Reverse,First Fit,144380,36677,111,0.1
att48,Reverse,Best Fit,144380,34729,42,0.12
att48,Reverse,Worst Fit,144380,36959,4054,1.415
att48,Reverse,First Fit,171750,34350,128,0.1
att48,Reverse,Best Fit,171750,35583,45,0.14
att48,Reverse,Worst Fit,171750,35004,6449,2.891
att48,Reverse,First Fit,152377,34564,128,0.1
att48,Reverse,Best Fit,152377,35142,48,0.13
att48,Reverse,Worst Fit,152377,36474,4952,1.650
att48,Reverse,First Fit,160543,35580,134,0.2
att48,Reverse,Best Fit,160543,36453,39,0.12
att48,Reverse,Worst Fit,160543,35406,5938,2.212
att48,Reverse,First Fit,173399,34983,123,0.1
att48,Reverse,Best Fit,173399,34869,38,0.11
att48,Reverse,Worst Fit,173399,34641,6227,2.550
att48,Reverse,First Fit,150835,34396,108,0.1
att48,Reverse,Best Fit,150835,35308,41,0.12
att48,Reverse,Worst Fit,150835,35265,5302,2.25
berlin52,Reverse,First Fit,22750,3430,96,0.23
berlin52,Reverse,Best Fit,22750,3430,39,0.16
berlin52,Reverse,Worst Fit,22750,3430,338,0.148
berlin52,Reverse,First Fit,20840,3430,86,0.0
berlin52,Reverse,Best Fit,20840,3430,38,0.14
berlin52,Reverse,Worst Fit,20840,3780,315,0.122
berlin52,Reverse,First Fit,21830,3430,98,0.0
berlin52,Reverse,Best Fit,21830,3430,38,0.13
berlin52,Reverse,Worst Fit,21830,3430,324,0.118
berlin52,Reverse,First Fit,23320,3430,103,0.1
berlin52,Reverse,Best Fit,23320,3430,37,0.13
berlin52,Reverse,Worst Fit,23320,3430,367,0.147
berlin52,Reverse,First Fit,23970,3430,105,0.1
berlin52,Reverse,Best Fit,23970,3430,38,0.14
berlin52,Reverse,Worst Fit,23970,3430,344,0.130
berlin52,Reverse,First Fit,24830,3430,112,0.1
berlin52,Reverse,Best Fit,24830,3430,40,0.15
berlin52,Reverse,Worst Fit,24830,3840,378,0.161
berlin52,Reverse,First Fit,22960,3430,103,0.0
berlin52,Reverse,Best Fit,22960,3430,40,0.13
berlin52,Reverse,Worst Fit,22960,3780,317,0.117
berlin52,Reverse,First Fit,22670,3430,103,0.1
berlin52,Reverse,Best Fit,22670,3430,40,0.14
berlin52,Reverse,Worst Fit,22670,3430,353,0.133
berlin52,Reverse,First Fit,23400,3430,89,0.1
berlin52,Reverse,Best Fit,23400,3440,37,0.13
berlin52,Reverse,Worst Fit,23400,3430,354,0.134
berlin52,Reverse,First Fit,24940,3430,106,0.1
berlin52,Reverse,Best Fit,24940,3430,39,0.21
berlin52,Reverse,Worst Fit,24940,3430,371,0.144
berlin52,Reverse,First Fit,22570,3430,95,0.1
berlin52,Reverse,Best Fit,22570,3430,37,0.12
berlin52,Reverse,Worst Fit,22570,3430,319,0.127
berlin52,Reverse,First Fit,23450,3430,98,0.1
berlin52,Reverse,Best Fit,23450,3430,39,0.14
berlin52,Reverse,Worst Fit,23450,3430,357,0.139
berlin52,Reverse,First Fit,22070,3430,96,0.1
berlin52,Reverse,Best Fit,22070,3430,36,0.12
berlin52,Reverse,Worst Fit,22070,3780,308,0.116
berlin52,Reverse,First Fit,22520,3430,84,0.1
berlin52,Reverse,Best Fit,22520,3430,39,0.13
berlin52,Reverse,Worst Fit,22520,3430,327,0.128
berlin52,Reverse,First Fit,23020,3430,88,0.1
berlin52,Reverse,Best Fit,23020,3430,39,0.13
berlin52,Reverse,Worst Fit,23020,3430,341,0.128
berlin52,Reverse,First Fit,23050,3430,106,0.1
berlin52,Reverse,Best Fit,23050,3430,38,0.14
berlin52,Reverse,Worst Fit,23050,3430,353,0.134
berlin52,Reverse,First Fit,22320,3430,107,0.1
berlin52,Reverse,Best Fit,22320,3430,40,0.13
berlin52,Reverse,Worst Fit,22320,3430,340,0.126
berlin52,Reverse,First Fit,19300,3430,90,0.1
berlin52,Reverse,Best Fit,19300,3430,39,0.13
berlin52,Reverse,Worst Fit,19300,3430,299,0.109
berlin52,Reverse,First Fit,20510,3430,79,0.1
berlin52,Reverse,Best Fit,20510,3430,36,0.12
berlin52,Reverse,Worst Fit,20510,3430,295,0.106
berlin52,Reverse,First Fit,22710,3430,103,0.1
berlin52,Reverse,Best Fit,22710,3430,43,0.15
berlin52,Reverse,Worst Fit,22710,3430,343,0.128
berlin52,Reverse,First Fit,22620,3430,90,0.1
berlin52,Reverse,Best Fit,22620,3440,36,0.13
berlin52,Reverse,Worst Fit,22620,3430,329,0.122
berlin52,Reverse,First Fit,23950,3430,110,0.1
berlin52,Reverse,Best Fit,23950,3460,34,0.12
berlin52,Reverse,Worst Fit,23950,3780,369,0.143
berlin52,Reverse,First Fit,23420,3430,100,0.1
berlin52,Reverse,Best Fit,23420,3430,38,0.13
berlin52,Reverse,Worst Fit,23420,3430,344,0.128
berlin52,Reverse,First Fit,23640,3430,88,0.1
berlin52,Reverse,Best Fit,23640,3430,34,0.11
berlin52,Reverse,Worst Fit,23640,3430,329,0.123
berlin52,Reverse,First Fit,24180,3430,91,0.1
berlin52,Reverse,Best Fit,24180,3430,38,0.13
berlin52,Reverse,Worst Fit,24180,3780,358,0.136
berlin52,Reverse,First Fit,23910,3430,104,0.1
berlin52,Reverse,Best Fit,23910,3430,39,0.14
berlin52,Reverse,Worst Fit,23910,3910,365,0.140
berlin52,Reverse,First Fit,24280,3430,110,0.1
berlin52,Reverse,Best Fit,24280,3430,39,0.14
berlin52,Reverse,Worst Fit,24280,3520,383,0.148
berlin52,Reverse,First Fit,24830,3430,104,0.1
berlin52,Reverse,Best Fit,24830,3430,37,0.13
berlin52,Reverse,Worst Fit,24830,3430,372,0.144
berlin52,Reverse,First Fit,25060,3430,101,0.0
berlin52,Reverse,Best Fit,25060,3430,42,0.15
berlin52,Reverse,Worst Fit,25060,3780,367,0.142
berlin52,Reverse,First Fit,21790,3490,99,0.1
berlin52,Reverse,Best Fit,21790,3430,36,0.12
berlin52,Reverse,Worst Fit,21790,3430,331,0.122
berlin52,Reverse,First Fit,23610,3530,93,0.0
berlin52,Reverse,Best Fit,23610,3430,34,0.12
berlin52,Reverse,Worst Fit,23610,3430,336,0.126
berlin52,Reverse,First Fit,23110,3430,80,0.0
berlin52,Reverse,Best Fit,23110,3430,36,0.12
berlin52,Reverse,Worst Fit,23110,3430,340,0.136
berlin52,Reverse,First Fit,22910,3430,109,0.1
berlin52,Reverse,Best Fit,22910,3430,36,0.12
berlin52,Reverse,Worst Fit,22910,3430,348,0.131
berlin52,Reverse,First Fit,19340,3430,96,0.1
berlin52,Reverse,Best Fit,19340,3430,34,0.11
berlin52,Reverse,Worst Fit,19340,3430,268,0.94
berlin52,Reverse,First Fit,24070,3430,92,0.1
berlin52,Reverse,Best Fit,24070,3430,35,0.12
berlin52,Reverse,Worst Fit,24070,3430,353,0.135
berlin52,Reverse,First Fit,21810,3430,100,0.1
berlin52,Reverse,Best Fit,21810,3430,39,0.14
berlin52,Reverse,Worst Fit,21810,3430,317,0.117
berlin52,Reverse,First Fit,22960,3430,91,0.1
berlin52,Reverse,Best Fit,22960,3430,37,0.13
berlin52,Reverse,Worst Fit,22960,3430,352,0.133
berlin52,Reverse,First Fit,20110,3430,80,0.1
berlin52,Reverse,Best Fit,20110,3430,33,0.11
berlin52,Reverse,Worst Fit,20110,3430,294,0.126
berlin52,Reverse,First Fit,24460,3430,98,0.1
berlin52,Reverse,Best Fit,24460,3430,40,0.13
berlin52,Reverse,Worst Fit,24460,3430,370,0.140
berlin52,Reverse,First Fit,22940,3430,106,0.1
berlin52,Reverse,Best Fit,22940,3430,38,0.14
berlin52,Reverse,Worst Fit,22940,3430,342,0.131
berlin52,Reverse,First Fit,23730,3430,101,0.1
berlin52,Reverse,Best Fit,23730,3430,37,0.13
berlin52,Reverse,Worst Fit,23730,3430,356,0.146
berlin52,Reverse,First Fit,25400,3430,105,0.1
berlin52,Reverse,Best Fit,25400,3430,41,0.14
berlin52,Reverse,Worst Fit,25400,3490,377,0.149
berlin52,Reverse,First Fit,22660,3430,101,0.1
berlin52,Reverse,Best Fit,22660,3430,39,0.14
berlin52,Reverse,Worst Fit,22660,3430,342,0.133
berlin52,Reverse,First Fit,23090,3430,115,0.1
berlin52,Reverse,Best Fit,23090,3430,36,0.13
berlin52,Reverse,Worst Fit,23090,3430,343,0.131
berlin52,Reverse,First Fit,22910,3430,97,0.1
berlin52,Reverse,Best Fit,22910,3430,36,0.13
berlin52,Reverse,Worst Fit,22910,3430,349,0.135
berlin52,Reverse,First Fit,23480,3430,101,0.1
berlin52,Reverse,Best Fit,23480,3430,42,0.17
berlin52,Reverse,Worst Fit,23480,3430,361,0.146
berlin52,Reverse,First Fit,21690,3430,94,0.1
berlin52,Reverse,Best Fit,21690,3430,36,0.13
berlin52,Reverse,Worst Fit,21690,3430,324,0.126
berlin52,Reverse,First Fit,24140,3430,93,0.1
berlin52,Reverse,Best Fit,24140,3430,39,0.14
berlin52,Reverse,Worst Fit,24140,3430,371,0.143
berlin52,Reverse,First Fit,23470,3490,93,0.1
berlin52,Reverse,Best Fit,23470,3430,35,0.12
berlin52,Reverse,Worst Fit,23470,3430,347,0.134
berlin52,Reverse,First Fit,21550,3430,98,0.1
berlin52,Reverse,Best Fit,21550,3430,39,0.14
berlin52,Reverse,Worst Fit,21550,3430,326,0.124
berlin52,Reverse,First Fit,23800,3480,115,0.1
berlin52,Reverse,Best Fit,23800,3430,36,0.14
berlin52,Reverse,Worst Fit,23800,3430,357,0.143
berlin52,Reverse,First Fit,24310,3430,80,0.1
berlin52,Reverse,Best Fit,24310,3430,35,0.12
berlin52,Reverse,Worst Fit,24310,3430,365,0.143
berlin52,Reverse,First Fit,25890,3430,110,0.1
berlin52,Reverse,Best Fit,25890,3430,44,0.16
berlin52,Reverse,Worst Fit,25890,3430,396,0.155
berlin52,Reverse,First Fit,23070,3430,88,0.1
berlin52,Reverse,Best Fit,23070,3430,39,0.14
berlin52,Reverse,Worst Fit,23070,3430,354,0.171
berlin52,Reverse,First Fit,22210,3430,98,0.1
berlin52,Reverse,Best Fit,22210,3430,40,0.14
berlin52,Reverse,Worst Fit,22210,3430,334,0.129
berlin52,Reverse,First Fit,20750,3430,92,0.1
berlin52,Reverse,Best Fit,20750,3430,37,0.12
berlin52,Reverse,Worst Fit,20750,3880,282,0.102
berlin52,Reverse,First Fit,23560,3430,101,0.1
berlin52,Reverse,Best Fit,23560,3430,40,0.14
berlin52,Reverse,Worst Fit,23560,3430,358,0.147
berlin52,Reverse,First Fit,23720,3430,99,0.1
berlin52,Reverse,Best Fit,23720,3430,38,0.13
berlin52,Reverse,Worst Fit,23720,3430,338,0.130
berlin52,Reverse,First Fit,19990,3490,87,0.1
berlin52,Reverse,Best Fit,19990,3430,38,0.13
berlin52,Reverse,Worst Fit,19990,3430,311,0.117
berlin52,Reverse,First Fit,22800,3430,87,0.1
berlin52,Reverse,Best Fit,22800,3430,43,0.16
berlin52,Reverse,Worst Fit,22800,3430,331,0.127
berlin52,Reverse,First Fit,23200,3430,98,0.1
berlin52,Reverse,Best Fit,23200,3430,38,0.14
berlin52,Reverse,Worst Fit,23200,3430,342,0.141
berlin52,Reverse,First Fit,21330,3430,99,0.1
berlin52,Reverse,Best Fit,21330,3430,37,0.12
berlin52,Reverse,Worst Fit,21330,3430,287,0.112
berlin52,Reverse,First Fit,19480,3430,84,0.1
berlin52,Reverse,Best Fit,19480,3430,40,0.13
berlin52,Reverse,Worst Fit,19480,3430,291,0.106
berlin52,Reverse,First Fit,23590,3430,107,0.1
berlin52,Reverse,Best Fit,23590,3430,42,0.14
berlin52,Reverse,Worst Fit,23590,3430,349,0.131
berlin52,Reverse,First Fit,22330,3430,94,0.1
berlin52,Reverse,Best Fit,22330,3430,36,0.12
berlin52,Reverse,Worst Fit,22330,3470,329,0.130
berlin52,Reverse,First Fit,23590,3430,90,0.1
berlin52,Reverse,Best Fit,23590,3430,37,0.13
berlin52,Reverse,Worst Fit,23590,3430,348,0.131
berlin52,Reverse,First Fit,23240,3430,93,0.1
berlin52,Reverse,Best Fit,23240,3430,39,0.15
berlin52,Reverse,Worst Fit,23240,3780,343,0.136
berlin52,Reverse,First Fit,23600,3430,102,0.1
berlin52,Reverse,Best Fit,23600,3430,42,0.14
berlin52,Reverse,Worst Fit,23600,3430,364,0.140
berlin52,Reverse,First Fit,24220,3430,101,0.1
berlin52,Reverse,Best Fit,24220,3430,38,0.13
berlin52,Reverse,Worst Fit,24220,3430,381,0.147
berlin52,Reverse,First Fit,23180,3430,96,0.1
berlin52,Reverse,Best Fit,23180,3430,39,0.14
berlin52,Reverse,Worst Fit,23180,3430,329,0.128
berlin52,Reverse,First Fit,21500,3430,85,0.1
berlin52,Reverse,Best Fit,21500,3430,36,0.12
berlin52,Reverse,Worst Fit,21500,3430,291,0.108
berlin52,Reverse,First Fit,24180,3430,97,0.1
berlin52,Reverse,Best Fit,24180,3430,35,0.12
berlin52,Reverse,Worst Fit,24180,3430,363,0.145
bier127,Reverse,First Fit,627619,128851,451,0.124
bier127,Reverse,Best Fit,627619,131833,127,0.297
bier127,Reverse,Worst Fit,627619,138534,56027,174.240
bier127,Reverse,First Fit,614838,134410,448,0.8
bier127,Reverse,Best Fit,614838,127143,126,0.270
bier127,Reverse,Worst Fit,614838,138698,52631,157.536
bier127,Reverse,First Fit,611075,127935,409,0.9
bier127,Reverse,Best Fit,611075,124886,129,0.260
bier127,Reverse,Worst Fit,611075,133449,52728,151.575
bier127,Reverse,First Fit,651897,130772,455,0.8
bier127,Reverse,Best Fit,651897,128429,129,0.286
bier127,Reverse,Worst Fit,651897,134569,61519,198.521
bier127,Reverse,First Fit,626027,129771,435,0.7
bier127,Reverse,Best Fit,626027,125914,131,0.269
bier127,Reverse,Worst Fit,626027,131991,55233,166.866
bier127,Reverse,First Fit,622847,133625,466,0.8
bier127,Reverse,Best Fit,622847,126709,126,0.275
bier127,Reverse,Worst Fit,622847,133466,56301,162.33
bier127,Reverse,First Fit,610604,134362,453,0.8
bier127,Reverse,Best Fit,610604,130253,120,0.247
bier127,Reverse,Worst Fit,610604,134547,51159,154.3
bier127,Reverse,First Fit,611682,133734,434,0.9
bier127,Reverse,Best Fit,611682,131495,134,0.274
bier127,Reverse,Worst Fit,611682,128844,53010,156.860
bier127,Reverse,First Fit,596187,133001,416,0.9
bier127,Reverse,Best Fit,596187,126618,124,0.259
bier127,Reverse,Worst Fit,596187,135696,50856,151.83
bier127,Reverse,First Fit,611455,134670,425,0.9
bier127,Reverse,Best Fit,611455,124539,129,0.263
bier127,Reverse,Worst Fit,611455,133204,53244,158.17
bier127,Reverse,First Fit,618698,122650,468,0.9
bier127,Reverse,Best Fit,618698,126073,134,0.280
bier127,Reverse,Worst Fit,618698,137947,55052,160.830
bier127,Reverse,First Fit,622935,129694,465,0.8
bier127,Reverse,Best Fit,622935,127949,128,0.267
bier127,Reverse,Worst Fit,622935,133110,54321,160.848
bier127,Reverse,First Fit,603153,126748,442,0.9
bier127,Reverse,Best Fit,603153,125147,122,0.251
bier127,Reverse,Worst Fit,603153,137207,51286,147.18
bier127,Reverse,First Fit,647042,129974,458,0.9
bier127,Reverse,Best Fit,647042,130327,125,0.262
bier127,Reverse,Worst Fit,647042,128278,62759,195.710
bier127,Reverse,First Fit,629264,137602,416,0.7
bier127,Reverse,Best Fit,629264,122378,126,0.260
bier127,Reverse,Worst Fit,629264,132298,55324,165.493
bier127,Reverse,First Fit,658179,132254,463,0.9
bier127,Reverse,Best Fit,658179,126476,131,0.278
bier127,Reverse,Worst Fit,658179,133405,62862,195.381
bier127,Reverse,First Fit,635428,128104,414,0.7
bier127,Reverse,Best Fit,635428,123150,137,0.278
bier127,Reverse,Worst Fit,635428,131349,58497,182.364
bier127,Reverse,First Fit,654383,127603,488,0.7
bier127,Reverse,Best Fit,654383,123561,130,0.272
bier127,Reverse,Worst Fit,654383,134539,61805,191.386
bier127,Reverse,First Fit,606935,127584,448,0.8
bier127,Reverse,Best Fit,606935,123918,123,0.253
bier127,Reverse,Worst Fit,606935,140099,50628,143.56
bier127,Reverse,First Fit,657651,133755,463,0.8
bier127,Reverse,Best Fit,657651,125217,132,0.279
bier127,Reverse,Worst Fit,657651,137275,64586,201.301
bier127,Reverse,First Fit,609814,132953,448,0.9
bier127,Reverse,Best Fit,609814,127153,127,0.257
bier127,Reverse,Worst Fit,609814,133851,52435,152.133
bier127,Reverse,First Fit,590814,131689,450,0.8
bier127,Reverse,Best Fit,590814,128231,130,0.264
bier127,Reverse,Worst Fit,590814,136893,51712,147.144
bier127,Reverse,First Fit,624663,131072,441,0.8
bier127,Reverse,Best Fit,624663,128033,134,0.274
bier127,Reverse,Worst Fit,624663,134894,55016,160.174
bier127,Reverse,First Fit,574297,131558,457,0.11
bier127,Reverse,Best Fit,574297,123992,128,0.258
bier127,Reverse,Worst Fit,574297,138234,44019,119.465
bier127,Reverse,First Fit,597362,129119,456,0.7
bier127,Reverse,Best Fit,597362,127922,131,0.264
bier127,Reverse,Worst Fit,597362,127613,48459,134.796
bier127,Reverse,First Fit,612057,134481,438,0.8
bier127,Reverse,Best Fit,612057,125924,131,0.264
bier127,Reverse,Worst Fit,612057,133508,52686,151.95
bier127,Reverse,First Fit,639156,130410,468,0.9
bier127,Reverse,Best Fit,639156,126679,127,0.265
bier127,Reverse,Worst Fit,639156,126216,60909,183.481
bier127,Reverse,First Fit,611419,130497,419,0.8
bier127,Reverse,Best Fit,611419,128208,129,0.267
bier127,Reverse,Worst Fit,611419,131504,52914,155.625
bier127,Reverse,First Fit,646815,131132,432,0.9
bier127,Reverse,Best Fit,646815,123680,131,0.274
bier127,Reverse,Worst Fit,646815,129534,61411,188.287
bier127,Reverse,First Fit,631258,125749,444,0.8
bier127,Reverse,Best Fit,631258,126282,125,0.261
bier127,Reverse,Worst Fit,631258,131625,56852,170.689
bier127,Reverse,First Fit,619723,128536,500,0.9
bier127,Reverse,Best Fit,619723,128999,137,0.275
bier127,Reverse,Worst Fit,619723,134528,53594,155.974
bier127,Reverse,First Fit,634718,125891,429,0.8
bier127,Reverse,Best Fit,634718,124640,139,0.288
bier127,Reverse,Worst Fit,634718,130835,58677,176.49
bier127,Reverse,First Fit,620867,127751,456,0.8
bier127,Reverse,Best Fit,620867,129293,126,0.264
bier127,Reverse,Worst Fit,620867,133322,55043,159.105
bier127,Reverse,First Fit,649266,126754,426,0.11
bier127,Reverse,Best Fit,649266,121928,135,0.282
bier127,Reverse,Worst Fit,649266,135817,61211,187.626
bier127,Reverse,First Fit,624253,128198,457,0.12
bier127,Reverse,Best Fit,624253,129049,132,0.273
bier127,Reverse,Worst Fit,624253,141828,56056,164.888
bier127,Reverse,First Fit,612481,130319,473,0.9
bier127,Reverse,Best Fit,612481,130533,127,0.267
bier127,Reverse,Worst Fit,612481,135555,54728,157.950
bier127,Reverse,First Fit,633825,126308,495,0.9
bier127,Reverse,Best Fit,633825,125375,145,0.298
bier127,Reverse,Worst Fit,633825,131641,57209,175.747
bier127,Reverse,First Fit,636997,130029,423,0.13
bier127,Reverse,Best Fit,636997,121905,131,0.290
bier127,Reverse,Worst Fit,636997,137151,56296,178.949
bier127,Reverse,First Fit,631260,128767,474,0.8
bier127,Reverse,Best Fit,631260,128057,131,0.278
bier127,Reverse,Worst Fit,631260,129269,58399,186.57
bier127,Reverse,First Fit,666524,129815,450,0.9
bier127,Reverse,Best Fit,666524,124202,133,0.289
bier127,Reverse,Worst Fit,666524,136582,65818,217.81
bier127,Reverse,First Fit,626368,128780,424,0.12
bier127,Reverse,Best Fit,626368,126223,131,0.273
bier127,Reverse,Worst Fit,626368,129461,55034,168.145
bier127,Reverse,First Fit,636235,131427,456,0.13
bier127,Reverse,Best Fit,636235,123562,122,0.259
bier127,Reverse,Worst Fit,636235,127338,58159,180.979
bier127,Reverse,First Fit,632988,135672,446,0.11
bier127,Reverse,Best Fit,632988,122076,133,0.282
bier127,Reverse,Worst Fit,632988,138016,55674,172.667
bier127,Reverse,First Fit,608156,135058,487,0.9
bier127,Reverse,Best Fit,608156,127310,134,0.279
bier127,Reverse,Worst Fit,608156,142854,51989,154.655
bier127,Reverse,First Fit,624726,132016,406,0.11
bier127,Reverse,Best Fit,624726,129279,128,0.267
bier127,Reverse,Worst Fit,624726,134951,55020,164.143
bier127,Reverse,First Fit,659775,132523,446,0.13
bier127,Reverse,Best Fit,659775,127692,130,0.297
bier127,Reverse,Worst Fit,659775,134705,63823,201.320
bier127,Reverse,First Fit,643404,129332,445,0.14
bier127,Reverse,Best Fit,643404,129310,127,0.272
bier127,Reverse,Worst Fit,643404,138366,60337,184.260
bier127,Reverse,First Fit,637700,133312,409,0.8
bier127,Reverse,Best Fit,637700,128158,133,0.283
bier127,Reverse,Worst Fit,637700,134176,57883,173.536
bier127,Reverse,First Fit,614457,125289,442,0.11
bier127,Reverse,Best Fit,614457,131015,136,0.286
bier127,Reverse,Worst Fit,614457,131452,53053,155.506
bier127,Reverse,First Fit,640655,131004,458,0.10
bier127,Reverse,Best Fit,640655,134102,129,0.294
bier127,Reverse,Worst Fit,640655,136232,57387,177.750
bier127,Reverse,First Fit,621018,129179,458,0.12
bier127,Reverse,Best Fit,621018,124157,137,0.315
bier127,Reverse,Worst Fit,621018,134076,53998,157.585
bier127,Reverse,First Fit,624084,125089,435,0.12
bier127,Reverse,Best Fit,624084,123274,135,0.291
bier127,Reverse,Worst Fit,624084,126435,55598,165.874
bier127,Reverse,First Fit,612911,125958,424,0.12
bier127,Reverse,Best Fit,612911,124559,122,0.258
bier127,Reverse,Worst Fit,612911,136601,52520,153.548
bier127,Reverse,First Fit,641763,127167,426,0.12
bier127,Reverse,Best Fit,641763,129785,125,0.317
bier127,Reverse,Worst Fit,641763,134551,58018,177.745
bier127,Reverse,First Fit,599795,132463,420,0.15
bier127,Reverse,Best Fit,599795,126607,133,0.318
bier127,Reverse,Worst Fit,599795,134609,50179,145.277
bier127,Reverse,First Fit,630010,132308,429,0.10
bier127,Reverse,Best Fit,630010,123823,120,0.268
bier127,Reverse,Worst Fit,630010,130282,56848,173.454
bier127,Reverse,First Fit,614608,126897,441,0.12
bier127,Reverse,Best Fit,614608,125068,125,0.258
bier127,Reverse,Worst Fit,614608,131136,54446,161.852
bier127,Reverse,First Fit,624332,130808,442,0.12
bier127,Reverse,Best Fit,624332,123884,116,0.250
bier127,Reverse,Worst Fit,624332,129881,56043,169.364
bier127,Reverse,First Fit,638311,132264,433,0.12
bier127,Reverse,Best Fit,638311,124883,130,0.273
bier127,Reverse,Worst Fit,638311,129469,58394,178.232
bier127,Reverse,First Fit,654042,126260,501,0.12
bier127,Reverse,Best Fit,654042,123467,126,0.274
bier127,Reverse,Worst Fit,654042,135690,62254,195.549
bier127,Reverse,First Fit,623727,130832,452,0.12
bier127,Reverse,Best Fit,623727,127572,130,0.266
bier127,Reverse,Worst Fit,623727,131578,57217,173.45
bier127,Reverse,First Fit,652411,127458,483,0.10
bier127,Reverse,Best Fit,652411,129869,133,0.289
bier127,Reverse,Worst Fit,652411,133929,61870,191.402
bier127,Reverse,First Fit,633356,132924,441,0.8
bier127,Reverse,Best Fit,633356,122327,131,0.278
bier127,Reverse,Worst Fit,633356,129983,56960,170.896
bier127,Reverse,First Fit,619598,127215,467,0.9
bier127,Reverse,Best Fit,619598,130240,119,0.248
bier127,Reverse,Worst Fit,619598,135257,52773,154.791
bier127,Reverse,First Fit,643709,130256,476,0.9
bier127,Reverse,Best Fit,643709,122940,130,0.275
bier127,Reverse,Worst Fit,643709,130258,60458,182.819
bier127,Reverse,First Fit,644078,131348,444,0.8
bier127,Reverse,Best Fit,644078,126339,136,0.282
bier127,Reverse,Worst Fit,644078,134733,59477,179.666
bier127,Reverse,First Fit,633417,123796,457,0.12
bier127,Reverse,Best Fit,633417,125161,126,0.282
bier127,Reverse,Worst Fit,633417,141502,55720,170.332
bier127,Reverse,First Fit,626266,127753,415,0.15
bier127,Reverse,Best Fit,626266,122472,142,0.327
bier127,Reverse,Worst Fit,626266,131446,58496,175.139
bier127,Reverse,First Fit,646118,132188,449,0.9
bier127,Reverse,Best Fit,646118,125436,127,0.274
bier127,Reverse,Worst Fit,646118,132101,60345,185.665
bier127,Reverse,First Fit,642117,136043,418,0.12
bier127,Reverse,Best Fit,642117,124625,133,0.364
bier127,Reverse,Worst Fit,642117,137772,59828,185.983
bier127,Reverse,First Fit,596333,130545,388,0.11
bier127,Reverse,Best Fit,596333,129089,136,0.282
bier127,Reverse,Worst Fit,596333,131193,49633,146.37
bier127,Reverse,First Fit,653555,128883,447,0.11
bier127,Reverse,Best Fit,653555,124088,142,0.325
bier127,Reverse,Worst Fit,653555,132963,61564,197.15
burma14,Reverse,First Fit,48,22,7,0.0
burma14,Reverse,Best Fit,48,22,4,0.0
burma14,Reverse,Worst Fit,48,22,11,0.0
burma14,Reverse,First Fit,62,22,12,0.0
burma14,Reverse,Best Fit,62,22,6,0.0
burma14,Reverse,Worst Fit,62,22,16,0.0
burma14,Reverse,First Fit,44,22,7,0.0
burma14,Reverse,Best Fit,44,22,3,0.0
burma14,Reverse,Worst Fit,44,22,8,0.0
burma14,Reverse,First Fit,44,22,4,0.0
burma14,Reverse,Best Fit,44,22,4,0.0
burma14,Reverse,Worst Fit,44,26,8,0.0
burma14,Reverse,First Fit,50,22,9,0.0
burma14,Reverse,Best Fit,50,22,4,0.0
burma14,Reverse,Worst Fit,50,22,12,0.0
burma14,Reverse,First Fit,46,22,6,0.0
burma14,Reverse,Best Fit,46,22,4,0.0
burma14,Reverse,Worst Fit,46,22,10,0.0
burma14,Reverse,First Fit,46,22,9,0.0
burma14,Reverse,Best Fit,46,22,5,0.0
burma14,Reverse,Worst Fit,46,22,10,0.0
burma14,Reverse,First Fit,50,22,8,0.0
burma14,Reverse,Best Fit,50,22,3,0.0
burma14,Reverse,Worst Fit,50,22,11,0.0
burma14,Reverse,First Fit,56,22,10,0.0
burma14,Reverse,Best Fit,56,24,5,0.0
burma14,Reverse,Worst Fit,56,22,13,0.0
burma14,Reverse,First Fit,46,22,5,0.0
burma14,Reverse,Best Fit,46,22,4,0.0
burma14,Reverse,Worst Fit,46,22,10,0.0
burma14,Reverse,First Fit,56,22,6,0.0
burma14,Reverse,Best Fit,56,22,5,0.0
burma14,Reverse,Worst Fit,56,22,14,0.1
burma14,Reverse,First Fit,40,22,4,0.0
burma14,Reverse,Best Fit,40,22,4,0.0
burma14,Reverse,Worst Fit,40,22,8,0.0
burma14,Reverse,First Fit,62,22,11,0.0
burma14,Reverse,Best Fit,62,22,7,0.0
burma14,Reverse,Worst Fit,62,22,15,0.0
burma14,Reverse,First Fit,50,22,6,0.0
burma14,Reverse,Best Fit,50,22,4,0.0
burma14,Reverse,Worst Fit,50,22,12,0.0
burma14,Reverse,First Fit,38,22,6,0.0
burma14,Reverse,Best Fit,38,22,4,0.0
burma14,Reverse,Worst Fit,38,22,7,0.0
burma14,Reverse,First Fit,54,22,8,0.0
burma14,Reverse,Best Fit,54,22,5,0.0
burma14,Reverse,Worst Fit,54,22,13,0.0
burma14,Reverse,First Fit,54,22,7,0.0
burma14,Reverse,Best Fit,54,22,7,0.0
burma14,Reverse,Worst Fit,54,28,11,0.0
burma14,Reverse,First Fit,46,22,5,0.0
burma14,Reverse,Best Fit,46,26,2,0.0
burma14,Reverse,Worst Fit,46,22,10,0.0
burma14,Reverse,First Fit,62,22,13,0.0
burma14,Reverse,Best Fit,62,22,6,0.0
burma14,Reverse,Worst Fit,62,22,16,0.0
burma14,Reverse,First Fit,52,24,8,0.0
burma14,Reverse,Best Fit,52,22,4,0.0
burma14,Reverse,Worst Fit,52,22,12,0.0
burma14,Reverse,First Fit,56,22,6,0.0
burma14,Reverse,Best Fit,56,22,7,0.0
burma14,Reverse,Worst Fit,56,22,14,0.0
burma14,Reverse,First Fit,44,26,5,0.0
burma14,Reverse,Best Fit,44,22,4,0.0
burma14,Reverse,Worst Fit,44,22,9,0.0
burma14,Reverse,First Fit,62,22,7,0.0
burma14,Reverse,Best Fit,62,22,5,0.0
burma14,Reverse,Worst Fit,62,22,16,0.1
burma14,Reverse,First Fit,48,22,7,0.0
burma14,Reverse,Best Fit,48,22,4,0.0
burma14,Reverse,Worst Fit,48,22,10,0.0
burma14,Reverse,First Fit,48,22,6,0.0
burma14,Reverse,Best Fit,48,22,4,0.0
burma14,Reverse,Worst Fit,48,22,11,0.0
burma14,Reverse,First Fit,44,22,6,0.0
burma14,Reverse,Best Fit,44,22,4,0.0
burma14,Reverse,Worst Fit,44,28,7,0.0
burma14,Reverse,First Fit,58,22,10,0.0
burma14,Reverse,Best Fit,58,22,5,0.0
burma14,Reverse,Worst Fit,58,22,15,0.0
burma14,Reverse,First Fit,40,22,4,0.0
burma14,Reverse,Best Fit,40,28,3,0.0
burma14,Reverse,Worst Fit,40,22,7,0.0
burma14,Reverse,First Fit,40,24,5,0.0
burma14,Reverse,Best Fit,40,24,2,0.0
burma14,Reverse,Worst Fit,40,22,7,0.0
burma14,Reverse,First Fit,40,22,5,0.0
burma14,Reverse,Best Fit,40,22,3,0.0
burma14,Reverse,Worst Fit,40,24,6,0.0
burma14,Reverse,First Fit,52,24,6,0.0
burma14,Reverse,Best Fit,52,22,4,0.0
burma14,Reverse,Worst Fit,52,22,12,0.0
burma14,Reverse,First Fit,50,24,5,0.0
burma14,Reverse,Best Fit,50,22,4,0.0
burma14,Reverse,Worst Fit,50,22,11,0.0
burma14,Reverse,First Fit,50,22,6,0.0
burma14,Reverse,Best Fit,50,22,4,0.0
burma14,Reverse,Worst Fit,50,22,11,0.0
burma14,Reverse,First Fit,44,22,7,0.0
burma14,Reverse,Best Fit,44,28,2,0.0
burma14,Reverse,Worst Fit,44,22,9,0.0
burma14,Reverse,First Fit,64,22,9,0.0
burma14,Reverse,Best Fit,64,22,5,0.0
burma14,Reverse,Worst Fit,64,22,16,0.0
burma14,Reverse,First Fit,42,22,5,0.0
burma14,Reverse,Best Fit,42,24,3,0.0
burma14,Reverse,Worst Fit,42,22,8,0.0
burma14,Reverse,First Fit,50,22,7,0.0
burma14,Reverse,Best Fit,50,22,4,0.0
burma14,Reverse,Worst Fit,50,22,11,0.0
burma14,Reverse,First Fit,52,22,8,0.0
burma14,Reverse,Best Fit,52,22,5,0.0
burma14,Reverse,Worst Fit,52,26,11,0.0
burma14,Reverse,First Fit,66,22,9,0.0
burma14,Reverse,Best Fit,66,22,6,0.0
burma14,Reverse,Worst Fit,66,22,18,0.0
burma14,Reverse,First Fit,64,22,11,0.0
burma14,Reverse,Best Fit,64,22,6,0.0
burma14,Reverse,Worst Fit,64,22,16,0.1
burma14,Reverse,First Fit,44,22,7,0.0
burma14,Reverse,Best Fit,44,24,4,0.0
burma14,Reverse,Worst Fit,44,22,9,0.1
burma14,Reverse,First Fit,54,24,9,0.0
burma14,Reverse,Best Fit,54,22,5,0.0
burma14,Reverse,Worst Fit,54,22,13,0.0
burma14,Reverse,First Fit,36,22,5,0.0
burma14,Reverse,Best Fit,36,22,3,0.0
burma14,Reverse,Worst Fit,36,22,6,0.0
burma14,Reverse,First Fit,58,22,9,0.0
burma14,Reverse,Best Fit,58,22,4,0.0
burma14,Reverse,Worst Fit,58,22,14,0.0
burma14,Reverse,First Fit,40,22,5,0.0
burma14,Reverse,Best Fit,40,22,4,0.0
burma14,Reverse,Worst Fit,40,22,7,0.0
burma14,Reverse,First Fit,56,22,10,0.0
burma14,Reverse,Best Fit,56,22,5,0.0
burma14,Reverse,Worst Fit,56,22,14,0.0
burma14,Reverse,First Fit,64,22,10,0.0
burma14,Reverse,Best Fit,64,22,6,0.0
burma14,Reverse,Worst Fit,64,22,17,0.0
burma14,Reverse,First Fit,58,22,7,0.0
burma14,Reverse,Best Fit,58,22,5,0.0
burma14,Reverse,Worst Fit,58,22,14,0.0
burma14,Reverse,First Fit,62,22,10,0.0
burma14,Reverse,Best Fit,62,22,6,0.0
burma14,Reverse,Worst Fit,62,22,16,0.0
burma14,Reverse,First Fit,56,22,12,0.0
burma14,Reverse,Best Fit,56,22,6,0.0
burma14,Reverse,Worst Fit,56,22,14,0.0
burma14,Reverse,First Fit,54,22,10,0.0
burma14,Reverse,Best Fit,54,22,5,0.0
burma14,Reverse,Worst Fit,54,22,13,0.0
burma14,Reverse,First Fit,54,22,9,0.0
burma14,Reverse,Best Fit,54,22,4,0.0
burma14,Reverse,Worst Fit,54,22,13,0.0
burma14,Reverse,First Fit,46,22,7,0.0
burma14,Reverse,Best Fit,46,22,4,0.0
burma14,Reverse,Worst Fit,46,22,10,0.0
burma14,Reverse,First Fit,40,22,6,0.0
burma14,Reverse,Best Fit,40,22,3,0.0
burma14,Reverse,Worst Fit,40,22,7,0.0
burma14,Reverse,First Fit,44,22,7,0.0
burma14,Reverse,Best Fit,44,22,5,0.0
burma14,Reverse,Worst Fit,44,22,9,0.0
burma14,Reverse,First Fit,52,22,7,0.0
burma14,Reverse,Best Fit,52,22,4,0.0
burma14,Reverse,Worst Fit,52,22,12,0.0
burma14,Reverse,First Fit,60,24,7,0.0
burma14,Reverse,Best Fit,60,22,5,0.0
burma14,Reverse,Worst Fit,60,22,15,0.1
burma14,Reverse,First Fit,50,22,8,0.0
burma14,Reverse,Best Fit,50,22,5,0.0
burma14,Reverse,Worst Fit,50,22,12,0.0
burma14,Reverse,First Fit,42,22,7,0.0
burma14,Reverse,Best Fit,42,22,4,0.0
burma14,Reverse,Worst Fit,42,22,8,0.0
burma14,Reverse,First Fit,52,22,8,0.0
burma14,Reverse,Best Fit,52,22,5,0.0
burma14,Reverse,Worst Fit,52,22,12,0.0
burma14,Reverse,First Fit,62,22,10,0.0
burma14,Reverse,Best Fit,62,22,6,0.0
burma14,Reverse,Worst Fit,62,22,16,0.0
burma14,Reverse,First Fit,64,22,9,0.0
burma14,Reverse,Best Fit,64,22,7,0.0
burma14,Reverse,Worst Fit,64,22,17,0.0
burma14,Reverse,First Fit,34,22,3,0.0
burma14,Reverse,Best Fit,34,22,4,0.0
burma14,Reverse,Worst Fit,34,22,5,0.0
burma14,Reverse,First Fit,56,22,7,0.0
burma14,Reverse,Best Fit,56,22,5,0.0
burma14,Reverse,Worst Fit,56,22,14,0.0
burma14,Reverse,First Fit,44,22,8,0.0
burma14,Reverse,Best Fit,44,22,5,0.0
burma14,Reverse,Worst Fit,44,22,9,0.0
burma14,Reverse,First Fit,70,22,9,0.0
burma14,Reverse,Best Fit,70,22,6,0.0
burma14,Reverse,Worst Fit,70,22,19,0.0
burma14,Reverse,First Fit,44,22,5,0.0
burma14,Reverse,Best Fit,44,26,3,0.0
burma14,Reverse,Worst Fit,44,22,9,0.0
burma14,Reverse,First Fit,48,22,7,0.0
burma14,Reverse,Best Fit,48,22,4,0.0
burma14,Reverse,Worst Fit,48,22,11,0.0
burma14,Reverse,First Fit,44,22,7,0.0
burma14,Reverse,Best Fit,44,22,3,0.0
burma14,Reverse,Worst Fit,44,22,9,0.0
burma14,Reverse,First Fit,44,22,6,0.0
burma14,Reverse,Best Fit,44,22,5,0.0
burma14,Reverse,Worst Fit,44,22,9,0.0
burma14,Reverse,First Fit,56,22,10,0.0
burma14,Reverse,Best Fit,56,22,5,0.0
burma14,Reverse,Worst Fit,56,22,13,0.0
ch130,Reverse,First Fit,28800,1384,349,0.91
ch130,Reverse,Best Fit,28800,1384,116,0.269
ch130,Reverse,Worst Fit,28800,1384,2113,6.259
ch130,Reverse,First Fit,32804,1384,374,0.7
ch130,Reverse,Best Fit,32804,1384,119,0.270
ch130,Reverse,Worst Fit,32804,1432,2361,6.932
ch130,Reverse,First Fit,32058,1384,374,0.6
ch130,Reverse,Best Fit,32058,1384,115,0.250
ch130,Reverse,Worst Fit,32058,1384,2358,6.619
ch130,Reverse,First Fit,27444,1384,340,0.7
ch130,Reverse,Best Fit,27444,1384,111,0.250
ch130,Reverse,Worst Fit,27444,1384,2024,5.692
ch130,Reverse,First Fit,33300,1408,362,0.7
ch130,Reverse,Best Fit,33300,1384,114,0.257
ch130,Reverse,Worst Fit,33300,1384,2470,7.226
ch130,Reverse,First Fit,28736,1384,349,0.7
ch130,Reverse,Best Fit,28736,1384,113,0.250
ch130,Reverse,Worst Fit,28736,1384,2114,5.982
ch130,Reverse,First Fit,32626,1384,363,0.7
ch130,Reverse,Best Fit,32626,1384,119,0.264
ch130,Reverse,Worst Fit,32626,1384,2378,6.896
ch130,Reverse,First Fit,27126,1384,335,0.6
ch130,Reverse,Best Fit,27126,1384,108,0.232
ch130,Reverse,Worst Fit,27126,1432,2016,5.424
ch130,Reverse,First Fit,32278,1384,363,0.7
ch130,Reverse,Best Fit,32278,1384,117,0.259
ch130,Reverse,Worst Fit,32278,1384,2353,6.761
ch130,Reverse,First Fit,29266,1384,375,0.7
ch130,Reverse,Best Fit,29266,1384,114,0.247
ch130,Reverse,Worst Fit,29266,1384,2181,6.32
ch130,Reverse,First Fit,29780,1384,369,0.8
ch130,Reverse,Best Fit,29780,1386,113,0.249
ch130,Reverse,Worst Fit,29780,1384,2206,6.193
ch130,Reverse,First Fit,28018,1384,377,0.7
ch130,Reverse,Best Fit,28018,1384,114,0.251
ch130,Reverse,Worst Fit,28018,1384,2070,5.833
ch130,Reverse,First Fit,27862,1384,359,0.7
ch130,Reverse,Best Fit,27862,1386,114,0.250
ch130,Reverse,Worst Fit,27862,1384,2070,5.783
ch130,Reverse,First Fit,30620,1408,384,0.7
ch130,Reverse,Best Fit,30620,1384,112,0.247
ch130,Reverse,Worst Fit,30620,1452,2262,6.390
ch130,Reverse,First Fit,29104,1384,340,0.17
ch130,Reverse,Best Fit,29104,1386,113,0.245
ch130,Reverse,Worst Fit,29104,1384,2124,5.875
ch130,Reverse,First Fit,31884,1384,390,0.7
ch130,Reverse,Best Fit,31884,1384,118,0.266
ch130,Reverse,Worst Fit,31884,1384,2381,6.840
ch130,Reverse,First Fit,30314,1384,375,0.6
ch130,Reverse,Best Fit,30314,1384,116,0.253
ch130,Reverse,Worst Fit,30314,1384,2221,6.232
ch130,Reverse,First Fit,30790,1384,390,0.7
ch130,Reverse,Best Fit,30790,1384,109,0.240
ch130,Reverse,Worst Fit,30790,1384,2300,6.513
ch130,Reverse,First Fit,32426,1384,347,0.6
ch130,Reverse,Best Fit,32426,1384,107,0.241
ch130,Reverse,Worst Fit,32426,1384,2377,6.885
ch130,Reverse,First Fit,28594,1384,337,0.6
ch130,Reverse,Best Fit,28594,1386,116,0.250
ch130,Reverse,Worst Fit,28594,1384,2096,5.787
ch130,Reverse,First Fit,32620,1384,345,0.7
ch130,Reverse,Best Fit,32620,1384,113,0.252
ch130,Reverse,Worst Fit,32620,1384,2396,6.938
ch130,Reverse,First Fit,28482,1384,360,0.7
ch130,Reverse,Best Fit,28482,1384,114,0.245
ch130,Reverse,Worst Fit,28482,1384,2097,5.753
ch130,Reverse,First Fit,29902,1384,329,0.6
ch130,Reverse,Best Fit,29902,1384,113,0.246
ch130,Reverse,Worst Fit,29902,1384,2207,6.196
ch130,Reverse,First Fit,33748,1384,349,0.6
ch130,Reverse,Best Fit,33748,1384,113,0.256
ch130,Reverse,Worst Fit,33748,1384,2516,7.458
ch130,Reverse,First Fit,31372,1384,344,0.6
ch130,Reverse,Best Fit,31372,1384,115,0.255
ch130,Reverse,Worst Fit,31372,1384,2311,6.605
ch130,Reverse,First Fit,32748,1384,344,0.6
ch130,Reverse,Best Fit,32748,1384,114,0.263
ch130,Reverse,Worst Fit,32748,1384,2427,7.63
ch130,Reverse,First Fit,28672,1384,366,0.7
ch130,Reverse,Best Fit,28672,1384,113,0.250
ch130,Reverse,Worst Fit,28672,1384,2114,5.841
ch130,Reverse,First Fit,29412,1384,349,0.6
ch130,Reverse,Best Fit,29412,1384,118,0.255
ch130,Reverse,Worst Fit,29412,1384,2140,5.946
ch130,Reverse,First Fit,27844,1384,350,0.7
ch130,Reverse,Best Fit,27844,1386,109,0.233
ch130,Reverse,Worst Fit,27844,1384,2050,5.576
ch130,Reverse,First Fit,32148,1384,386,0.8
ch130,Reverse,Best Fit,32148,1384,120,0.265
ch130,Reverse,Worst Fit,32148,1384,2360,6.808
ch130,Reverse,First Fit,28646,1384,361,0.7
ch130,Reverse,Best Fit,28646,1386,116,0.258
ch130,Reverse,Worst Fit,28646,1384,2120,5.843
ch130,Reverse,First Fit,27956,1384,359,0.7
ch130,Reverse,Best Fit,27956,1384,110,0.236
ch130,Reverse,Worst Fit,27956,1384,2077,5.639
ch130,Reverse,First Fit,28852,1384,358,0.6
ch130,Reverse,Best Fit,28852,1384,108,0.235
ch130,Reverse,Worst Fit,28852,1384,2120,5.831
ch130,Reverse,First Fit,30048,1384,364,0.6
ch130,Reverse,Best Fit,30048,1384,113,0.254
ch130,Reverse,Worst Fit,30048,1384,2201,6.136
ch130,Reverse,First Fit,31226,1384,352,0.6
ch130,Reverse,Best Fit,31226,1384,116,0.254
ch130,Reverse,Worst Fit,31226,1384,2304,6.538
ch130,Reverse,First Fit,33578,1384,360,0.7
ch130,Reverse,Best Fit,33578,1384,117,0.259
ch130,Reverse,Worst Fit,33578,1384,2479,7.303
ch130,Reverse,First Fit,27946,1384,380,0.7
ch130,Reverse,Best Fit,27946,1384,113,0.244
ch130,Reverse,Worst Fit,27946,1384,2078,5.938
ch130,Reverse,First Fit,31740,1384,362,0.7
ch130,Reverse,Best Fit,31740,1384,108,0.245
ch130,Reverse,Worst Fit,31740,1384,2321,6.715
ch130,Reverse,First Fit,31964,1384,349,0.8
ch130,Reverse,Best Fit,31964,1384,112,0.255
ch130,Reverse,Worst Fit,31964,1384,2336,6.800
ch130,Reverse,First Fit,30234,1384,344,0.9
ch130,Reverse,Best Fit,30234,1386,105,0.249
ch130,Reverse,Worst Fit,30234,1384,2213,6.350
ch130,Reverse,First Fit,27068,1384,334,0.9
ch130,Reverse,Best Fit,27068,1384,111,0.243
ch130,Reverse,Worst Fit,27068,1384,1969,5.398
ch130,Reverse,First Fit,32978,1388,359,0.10
ch130,Reverse,Best Fit,32978,1384,116,0.277
ch130,Reverse,Worst Fit,32978,1384,2420,7.133
ch130,Reverse,First Fit,27158,1384,325,0.8
ch130,Reverse,Best Fit,27158,1386,109,0.242
ch130,Reverse,Worst Fit,27158,1384,2002,5.437
ch130,Reverse,First Fit,31446,1384,356,0.8
ch130,Reverse,Best Fit,31446,1384,119,0.269
ch130,Reverse,Worst Fit,31446,1384,2302,6.487
ch130,Reverse,First Fit,27876,1384,373,0.8
ch130,Reverse,Best Fit,27876,1384,107,0.231
ch130,Reverse,Worst Fit,27876,1384,2066,5.556
ch130,Reverse,First Fit,30878,1384,349,0.10
ch130,Reverse,Best Fit,30878,1384,112,0.246
ch130,Reverse,Worst Fit,30878,1384,2254,6.309
ch130,Reverse,First Fit,29264,1384,352,0.9
ch130,Reverse,Best Fit,29264,1384,116,0.251
ch130,Reverse,Worst Fit,29264,1384,2125,5.920
ch130,Reverse,First Fit,26810,1384,332,0.10
ch130,Reverse,Best Fit,26810,1384,114,0.242
ch130,Reverse,Worst Fit,26810,1384,1975,5.281
ch130,Reverse,First Fit,29168,1384,349,0.8
ch130,Reverse,Best Fit,29168,1384,112,0.246
ch130,Reverse,Worst Fit,29168,1384,2163,5.909
ch130,Reverse,First Fit,29698,1384,342,0.7
ch130,Reverse,Best Fit,29698,1384,116,0.249
ch130,Reverse,Worst Fit,29698,1384,2172,5.977
ch130,Reverse,First Fit,30794,1384,356,0.11
ch130,Reverse,Best Fit,30794,1384,115,0.255
ch130,Reverse,Worst Fit,30794,1384,2274,6.329
ch130,Reverse,First Fit,30736,1384,355,0.11
ch130,Reverse,Best Fit,30736,1386,113,0.245
ch130,Reverse,Worst Fit,30736,1384,2265,6.372
ch130,Reverse,First Fit,29402,1384,360,0.9
ch130,Reverse,Best Fit,29402,1384,112,0.256
ch130,Reverse,Worst Fit,29402,1384,2182,6.82
ch130,Reverse,First Fit,28682,1384,359,0.10
ch130,Reverse,Best Fit,28682,1384,112,0.241
ch130,Reverse,Worst Fit,28682,1384,2083,5.721
ch130,Reverse,First Fit,27368,1384,332,0.7
ch130,Reverse,Best Fit,27368,1384,109,0.234
ch130,Reverse,Worst Fit,27368,1384,2019,5.449
ch130,Reverse,First Fit,29428,1384,334,0.8
ch130,Reverse,Best Fit,29428,1384,114,0.246
ch130,Reverse,Worst Fit,29428,1384,2167,5.975
ch130,Reverse,First Fit,31684,1384,348,0.9
ch130,Reverse,Best Fit,31684,1384,114,0.251
ch130,Reverse,Worst Fit,31684,1384,2339,6.675
ch130,Reverse,First Fit,31338,1384,376,0.11
ch130,Reverse,Best Fit,31338,1386,116,0.264
ch130,Reverse,Worst Fit,31338,1384,2333,6.635
ch130,Reverse,First Fit,31960,1384,362,0.10
ch130,Reverse,Best Fit,31960,1384,115,0.251
ch130,Reverse,Worst Fit,31960,1384,2339,6.692
ch130,Reverse,First Fit,33148,1388,368,0.11
ch130,Reverse,Best Fit,33148,1384,121,0.283
ch130,Reverse,Worst Fit,33148,1384,2434,7.16
ch130,Reverse,First Fit,28624,1384,365,0.9
ch130,Reverse,Best Fit,28624,1386,106,0.236
ch130,Reverse,Worst Fit,28624,1384,2099,5.754
ch130,Reverse,First Fit,29612,1384,347,0.6
ch130,Reverse,Best Fit,29612,1384,114,0.250
ch130,Reverse,Worst Fit,29612,1384,2189,6.148
ch130,Reverse,First Fit,29888,1384,375,0.6
ch130,Reverse,Best Fit,29888,1388,114,0.249
ch130,Reverse,Worst Fit,29888,1384,2192,6.209
ch130,Reverse,First Fit,28672,1384,342,0.7
ch130,Reverse,Best Fit,28672,1384,119,0.254
ch130,Reverse,Worst Fit,28672,1384,2107,5.809
ch130,Reverse,First Fit,29300,1384,322,0.7
ch130,Reverse,Best Fit,29300,1384,115,0.253
ch130,Reverse,Worst Fit,29300,1400,2185,6.132
ch130,Reverse,First Fit,29410,1384,350,0.7
ch130,Reverse,Best Fit,29410,1384,112,0.245
ch130,Reverse,Worst Fit,29410,1384,2178,6.82
ch130,Reverse,First Fit,29256,1384,350,0.11
ch130,Reverse,Best Fit,29256,1386,112,0.244
ch130,Reverse,Worst Fit,29256,1384,2170,6.1
ch130,Reverse,First Fit,31138,1384,345,0.8
ch130,Reverse,Best Fit,31138,1384,114,0.252
ch130,Reverse,Worst Fit,31138,1384,2315,6.556
ch130,Reverse,First Fit,32410,1384,415,0.7
ch130,Reverse,Best Fit,32410,1384,116,0.258
ch130,Reverse,Worst Fit,32410,1384,2383,6.937
ch130,Reverse,First Fit,28802,1384,354,0.11
ch130,Reverse,Best Fit,28802,1384,117,0.254
ch130,Reverse,Worst Fit,28802,1384,2099,5.819
ch130,Reverse,First Fit,30634,1384,380,0.11
ch130,Reverse,Best Fit,30634,1388,105,0.244
ch130,Reverse,Worst Fit,30634,1384,2252,6.384
ch130,Reverse,First Fit,30056,1384,354,0.9
ch130,Reverse,Best Fit,30056,1384,110,0.246
ch130,Reverse,Worst Fit,30056,1384,2215,6.374
ch150,Reverse,First Fit,36388,1374,401,0.104
ch150,Reverse,Best Fit,36388,1374,133,0.495
ch150,Reverse,Worst Fit,36388,1374,2819,12.84
ch150,Reverse,First Fit,32666,1374,412,0.9
ch150,Reverse,Best Fit,32666,1374,127,0.382
ch150,Reverse,Worst Fit,32666,1374,2588,10.160
ch150,Reverse,First Fit,32814,1374,431,0.15
ch150,Reverse,Best Fit,32814,1374,135,0.387
ch150,Reverse,Worst Fit,32814,1426,2578,9.449
ch150,Reverse,First Fit,36898,1384,441,0.9
ch150,Reverse,Best Fit,36898,1374,135,0.408
ch150,Reverse,Worst Fit,36898,1434,2856,11.687
ch150,Reverse,First Fit,34688,1374,442,0.8
ch150,Reverse,Best Fit,34688,1374,133,0.388
ch150,Reverse,Worst Fit,34688,1374,2705,10.379
ch150,Reverse,First Fit,33848,1374,423,0.9
ch150,Reverse,Best Fit,33848,1374,136,0.398
ch150,Reverse,Worst Fit,33848,1374,2693,10.637
ch150,Reverse,First Fit,33236,1416,398,0.8
ch150,Reverse,Best Fit,33236,1374,131,0.377
ch150,Reverse,Worst Fit,33236,1374,2608,9.898
ch150,Reverse,First Fit,39422,1374,440,0.9
ch150,Reverse,Best Fit,39422,1374,138,0.415
ch150,Reverse,Worst Fit,39422,1374,3056,12.408
ch150,Reverse,First Fit,35638,1384,379,0.8
ch150,Reverse,Best Fit,35638,1374,135,0.401
ch150,Reverse,Worst Fit,35638,1430,2774,10.848
ch150,Reverse,First Fit,33456,1374,425,0.10
ch150,Reverse,Best Fit,33456,1374,139,0.400
ch150,Reverse,Worst Fit,33456,1374,2637,10.29
ch150,Reverse,First Fit,36464,1374,455,0.9
ch150,Reverse,Best Fit,36464,1374,139,0.405
ch150,Reverse,Worst Fit,36464,1374,2843,11.152
ch150,Reverse,First Fit,35742,1382,433,0.8
ch150,Reverse,Best Fit,35742,1374,136,0.412
ch150,Reverse,Worst Fit,35742,1374,2767,11.185
ch150,Reverse,First Fit,34354,1374,422,0.8
ch150,Reverse,Best Fit,34354,1374,131,0.397
ch150,Reverse,Worst Fit,34354,1426,2686,10.686
ch150,Reverse,First Fit,35768,1378,451,0.9
ch150,Reverse,Best Fit,35768,1374,128,0.379
ch150,Reverse,Worst Fit,35768,1374,2820,10.954
ch150,Reverse,First Fit,35102,1374,398,0.9
ch150,Reverse,Best Fit,35102,1374,134,0.393
ch150,Reverse,Worst Fit,35102,1374,2716,10.529
ch150,Reverse,First Fit,37634,1374,429,0.9
ch150,Reverse,Best Fit,37634,1374,137,0.406
ch150,Reverse,Worst Fit,37634,1374,2936,11.763
ch150,Reverse,First Fit,38092,1374,437,0.9
ch150,Reverse,Best Fit,38092,1374,133,0.396
ch150,Reverse,Worst Fit,38092,1374,2975,11.905
ch150,Reverse,First Fit,37506,1374,453,0.9
ch150,Reverse,Best Fit,37506,1374,135,0.402
ch150,Reverse,Worst Fit,37506,1374,2918,11.623
ch150,Reverse,First Fit,33408,1374,405,0.9
ch150,Reverse,Best Fit,33408,1374,127,0.367
ch150,Reverse,Worst Fit,33408,1374,2598,10.335
ch150,Reverse,First Fit,37004,1374,408,0.9
ch150,Reverse,Best Fit,37004,1374,136,0.405
ch150,Reverse,Worst Fit,37004,1374,2884,11.372
ch150,Reverse,First Fit,32914,1374,451,0.9
ch150,Reverse,Best Fit,32914,1376,127,0.369
ch150,Reverse,Worst Fit,32914,1374,2597,9.798
ch150,Reverse,First Fit,34020,1374,432,0.9
ch150,Reverse,Best Fit,34020,1374,136,0.398
ch150,Reverse,Worst Fit,34020,1374,2664,10.160
ch150,Reverse,First Fit,34178,1374,415,0.9
ch150,Reverse,Best Fit,34178,1374,132,0.386
ch150,Reverse,Worst Fit,34178,1374,2661,10.199
ch150,Reverse,First Fit,37212,1374,470,0.9
ch150,Reverse,Best Fit,37212,1374,132,0.392
ch150,Reverse,Worst Fit,37212,1374,2905,11.524
ch150,Reverse,First Fit,37312,1374,414,0.9
ch150,Reverse,Best Fit,37312,1374,136,0.403
ch150,Reverse,Worst Fit,37312,1374,2868,11.306
ch150,Reverse,First Fit,33124,1374,402,0.9
ch150,Reverse,Best Fit,33124,1374,128,0.375
ch150,Reverse,Worst Fit,33124,1374,2604,9.856
ch150,Reverse,First Fit,39250,1374,439,0.9
ch150,Reverse,Best Fit,39250,1374,138,0.416
ch150,Reverse,Worst Fit,39250,1374,3091,12.529
ch150,Reverse,First Fit,34096,1374,420,0.10
ch150,Reverse,Best Fit,34096,1374,142,0.412
ch150,Reverse,Worst Fit,34096,1374,2717,10.377
ch150,Reverse,First Fit,36992,1386,435,0.8
ch150,Reverse,Best Fit,36992,1374,138,0.406
ch150,Reverse,Worst Fit,36992,1374,2893,11.406
ch150,Reverse,First Fit,33760,1374,429,0.9
ch150,Reverse,Best Fit,33760,1374,136,0.394
ch150,Reverse,Worst Fit,33760,1374,2639,10.86
ch150,Reverse,First Fit,34940,1374,420,0.9
ch150,Reverse,Best Fit,34940,1374,135,0.391
ch150,Reverse,Worst Fit,34940,1374,2720,10.546
ch150,Reverse,First Fit,37004,1374,418,0.9
ch150,Reverse,Best Fit,37004,1374,131,0.389
ch150,Reverse,Worst Fit,37004,1374,2905,11.493
ch150,Reverse,First Fit,37072,1374,425,0.9
ch150,Reverse,Best Fit,37072,1374,132,0.392
ch150,Reverse,Worst Fit,37072,1374,2901,11.457
ch150,Reverse,First Fit,33446,1374,417,0.9
ch150,Reverse,Best Fit,33446,1374,140,0.410
ch150,Reverse,Worst Fit,33446,1374,2638,10.37
ch150,Reverse,First Fit,36762,1374,400,0.9
ch150,Reverse,Best Fit,36762,1374,137,0.404
ch150,Reverse,Worst Fit,36762,1374,2884,11.339
ch150,Reverse,First Fit,36842,1374,405,0.10
ch150,Reverse,Best Fit,36842,1374,141,0.414
ch150,Reverse,Worst Fit,36842,1374,2875,11.345
ch150,Reverse,First Fit,39112,1374,442,0.9
ch150,Reverse,Best Fit,39112,1374,138,0.418
ch150,Reverse,Worst Fit,39112,1374,3058,12.472
ch150,Reverse,First Fit,33808,1374,403,0.10
ch150,Reverse,Best Fit,33808,1374,131,0.397
ch150,Reverse,Worst Fit,33808,1374,2653,10.602
ch150,Reverse,First Fit,32948,1374,423,0.11
ch150,Reverse,Best Fit,32948,1374,135,0.446
ch150,Reverse,Worst Fit,32948,1374,2565,9.783
ch150,Reverse,First Fit,33234,1374,396,0.13
ch150,Reverse,Best Fit,33234,1374,128,0.379
ch150,Reverse,Worst Fit,33234,1374,2618,10.150
ch150,Reverse,First Fit,34224,1374,429,0.14
ch150,Reverse,Best Fit,34224,1374,135,0.403
ch150,Reverse,Worst Fit,34224,1374,2696,10.432
ch150,Reverse,First Fit,32620,1374,445,0.12
ch150,Reverse,Best Fit,32620,1374,134,0.414
ch150,Reverse,Worst Fit,32620,1374,2580,9.827
ch150,Reverse,First Fit,39642,1374,426,0.12
ch150,Reverse,Best Fit,39642,1374,136,0.449
ch150,Reverse,Worst Fit,39642,1374,3099,12.683
ch150,Reverse,First Fit,37178,1374,434,0.12
ch150,Reverse,Best Fit,37178,1374,142,0.417
ch150,Reverse,Worst Fit,37178,1374,2901,11.438
ch150,Reverse,First Fit,34380,1374,411,0.11
ch150,Reverse,Best Fit,34380,1374,130,0.376
ch150,Reverse,Worst Fit,34380,1426,2698,10.207
ch150,Reverse,First Fit,35054,1386,444,0.10
ch150,Reverse,Best Fit,35054,1374,138,0.400
ch150,Reverse,Worst Fit,35054,1374,2775,10.619
ch150,Reverse,First Fit,36964,1374,403,0.12
ch150,Reverse,Best Fit,36964,1374,139,0.452
ch150,Reverse,Worst Fit,36964,1374,2898,11.153
ch150,Reverse,First Fit,35154,1374,433,0.10
ch150,Reverse,Best Fit,35154,1374,126,0.375
ch150,Reverse,Worst Fit,35154,1374,2737,10.397
ch150,Reverse,First Fit,37058,1374,428,0.10
ch150,Reverse,Best Fit,37058,1376,129,0.386
ch150,Reverse,Worst Fit,37058,1374,2874,11.198
ch150,Reverse,First Fit,35000,1374,417,0.13
ch150,Reverse,Best Fit,35000,1374,134,0.398
ch150,Reverse,Worst Fit,35000,1374,2724,10.349
ch150,Reverse,First Fit,34636,1374,395,0.11
ch150,Reverse,Best Fit,34636,1374,127,0.393
ch150,Reverse,Worst Fit,34636,1374,2705,10.252
ch150,Reverse,First Fit,34866,1374,406,0.14
ch150,Reverse,Best Fit,34866,1374,130,0.412
ch150,Reverse,Worst Fit,34866,1374,2722,10.256
ch150,Reverse,First Fit,36676,1374,425,0.13
ch150,Reverse,Best Fit,36676,1374,128,0.401
ch150,Reverse,Worst Fit,36676,1426,2881,11.204
ch150,Reverse,First Fit,34576,1374,417,0.11
ch150,Reverse,Best Fit,34576,1374,130,0.375
ch150,Reverse,Worst Fit,34576,1374,2709,10.416
ch150,Reverse,First Fit,32660,1374,378,0.10
ch150,Reverse,Best Fit,32660,1374,133,0.390
ch150,Reverse,Worst Fit,32660,1374,2505,9.274
ch150,Reverse,First Fit,35948,1374,414,0.10
ch150,Reverse,Best Fit,35948,1374,136,0.443
ch150,Reverse,Worst Fit,35948,1426,2808,10.724
ch150,Reverse,First Fit,36800,1374,446,0.13
ch150,Reverse,Best Fit,36800,1376,130,0.386
ch150,Reverse,Worst Fit,36800,1426,2824,10.962
ch150,Reverse,First Fit,34540,1374,414,0.13
ch150,Reverse,Best Fit,34540,1374,129,0.414
ch150,Reverse,Worst Fit,34540,1374,2721,10.269
ch150,Reverse,First Fit,33678,1374,414,0.10
ch150,Reverse,Best Fit,33678,1376,124,0.363
ch150,Reverse,Worst Fit,33678,1374,2614,9.959
ch150,Reverse,First Fit,37024,1374,483,0.11
ch150,Reverse,Best Fit,37024,1374,137,0.485
ch150,Reverse,Worst Fit,37024,1374,2894,11.319
ch150,Reverse,First Fit,35970,1374,445,0.11
ch150,Reverse,Best Fit,35970,1374,131,0.394
ch150,Reverse,Worst Fit,35970,1374,2786,10.736
ch150,Reverse,First Fit,35398,1374,470,0.9
ch150,Reverse,Best Fit,35398,1374,132,0.390
ch150,Reverse,Worst Fit,35398,1374,2795,10.955
ch150,Reverse,First Fit,35668,1374,438,0.10
ch150,Reverse,Best Fit,35668,1374,131,0.385
ch150,Reverse,Worst Fit,35668,1374,2800,10.984
ch150,Reverse,First Fit,36662,1374,414,0.9
ch150,Reverse,Best Fit,36662,1374,133,0.394
ch150,Reverse,Worst Fit,36662,1374,2842,11.346
ch150,Reverse,First Fit,35800,1374,407,0.10
ch150,Reverse,Best Fit,35800,1374,137,0.402
ch150,Reverse,Worst Fit,35800,1374,2787,10.941
ch150,Reverse,First Fit,33152,1374,416,0.10
ch150,Reverse,Best Fit,33152,1374,133,0.386
ch150,Reverse,Worst Fit,33152,1374,2603,9.836
ch150,Reverse,First Fit,35538,1374,421,0.13
ch150,Reverse,Best Fit,35538,1374,130,0.385
ch150,Reverse,Worst Fit,35538,1374,2725,10.485
ch150,Reverse,First Fit,37214,1374,409,0.12
ch150,Reverse,Best Fit,37214,1378,128,0.377
ch150,Reverse,Worst Fit,37214,1374,2898,11.363
ch150,Reverse,First Fit,35510,1374,464,0.10
ch150,Reverse,Best Fit,35510,1374,133,0.395
ch150,Reverse,Worst Fit,35510,1374,2784,10.877
ch150,Reverse,First Fit,33634,1374,395,0.12
ch150,Reverse,Best Fit,33634,1374,133,0.418
ch150,Reverse,Worst Fit,33634,1374,2648,10.368
ch150,Reverse,First Fit,37716,1374,433,0.11
ch150,Reverse,Best Fit,37716,1374,131,0.399
ch150,Reverse,Worst Fit,37716,1374,2954,11.671
ch150,Reverse,First Fit,35036,1374,443,0.12
ch150,Reverse,Best Fit,35036,1374,137,0.413
ch150,Reverse,Worst Fit,35036,1374,2729,10.744
